time,desired_x,desired_y,desired_z,actual_x,actual_y,actual_z,error_x,error_y,error_z,position_error
0.0,0.5,3.4924597e-10,0.3,0.4083159,-0.00017071744,0.9611737,0.0916841,0.00017071779,-0.6611737,0.6675003
0.03333333333333333,0.59998614,0.00166659,0.3,0.4000269,-0.0050215777,0.93320465,0.19995925,0.006688168,-0.63320464,0.66406065
0.06666666666666667,0.5999445,0.0033327164,0.3,0.40124428,-0.014585707,0.8791025,0.19870019,0.017918423,-0.5791025,0.61250514
0.1,0.59987503,0.004997918,0.3,0.4153095,-0.02322726,0.7954151,0.18456554,0.028225178,-0.4954151,0.52943105
0.13333333333333333,0.5997779,0.00666173,0.3,0.42956796,-0.030182004,0.7096139,0.17020991,0.036843732,-0.4096139,0.44509822
0.16666666666666666,0.599653,0.008323692,0.3,0.4464143,-0.035599284,0.6241652,0.15323871,0.043922976,-0.32416517,0.36124006
0.2,0.5995004,0.009983342,0.3,0.4795069,-0.027119689,0.5263217,0.11999351,0.03710303,-0.2263217,0.25883698
0.23333333333333334,0.59932023,0.011640219,0.3,0.5203681,-0.0045645386,0.41531718,0.07895213,0.016204758,-0.115317166,0.14069144
0.26666666666666666,0.59911245,0.013293862,0.3,0.5456715,0.03907077,0.28342935,0.05344093,-0.025776908,0.016570657,0.061603315
0.3,0.59887713,0.014943815,0.3,0.5373703,0.09580651,0.1538594,0.061506808,-0.08086269,0.1461406,0.17798577
0.3333333333333333,0.59861434,0.016589614,0.3,0.5055951,0.09529041,0.04543946,0.09301925,-0.078700796,0.25456056,0.28221884
0.36666666666666664,0.5983241,0.018230807,0.3,0.48542196,0.034936905,0.008897401,0.112902164,-0.016706098,0.29110262,0.31267673
0.4,0.59800667,0.019866934,0.3,0.4733773,-0.02597601,0.013762802,0.12462938,0.045842946,0.2862372,0.3155405
0.43333333333333335,0.597662,0.021497544,0.3,0.46724206,-0.083681636,0.037191987,0.13041991,0.105179176,0.26280802,0.31167302
0.4666666666666667,0.5972901,0.023122182,0.3,0.46349114,-0.13913271,0.07002229,0.13379896,0.16225488,0.22997773,0.3116385
0.5,0.5968912,0.024740396,0.3,0.45668954,-0.1869795,0.10572852,0.14020169,0.2117199,0.19427149,0.3197237
0.5333333333333333,0.59646547,0.02635174,0.3,0.44792855,-0.23100807,0.14923228,0.14853692,0.2573598,0.15076773,0.33320895
0.5666666666666667,0.5960129,0.027955765,0.3,0.44247976,-0.26686698,0.20577121,0.15353313,0.29482275,0.094228804,0.34550244
0.6,0.59553367,0.029552026,0.3,0.43042147,-0.29496774,0.25246605,0.1651122,0.32451975,0.04753396,0.3671983
0.6333333333333333,0.59502786,0.031140074,0.3,0.41396838,-0.31361654,0.2793412,0.18105948,0.3447566,0.02065882,0.38995698
0.6666666666666666,0.5944957,0.032719474,0.3,0.3999912,-0.32099244,0.28926766,0.1945045,0.3537119,0.010732353,0.403806
0.7,0.5939373,0.03428979,0.3,0.39399302,-0.31587625,0.2842552,0.19994426,0.35016602,0.015744805,0.40353668
0.7333333333333333,0.59335274,0.035850577,0.3,0.39551064,-0.30269998,0.27817592,0.19784209,0.33855057,0.021824092,0.3927267
0.7666666666666666,0.5927423,0.037401404,0.3,0.40690735,-0.28155506,0.28331175,0.18583497,0.31895646,0.016688257,0.3695218
0.8,0.5921061,0.038941845,0.3,0.42346853,-0.2546431,0.28966945,0.16863757,0.29358494,0.010330558,0.3387292
0.8333333333333334,0.5914443,0.04047147,0.3,0.44242197,-0.22396171,0.29414046,0.14902234,0.26443318,0.005859554,0.30359003
0.8666666666666667,0.59075713,0.04198985,0.3,0.46160394,-0.19067432,0.296524,0.12915319,0.23266417,0.0034760237,0.26613015
0.9,0.5900447,0.043496568,0.3,0.47956133,-0.15708746,0.29768848,0.11048335,0.20058402,0.0023115277,0.22901061
0.9333333333333333,0.5893073,0.044991206,0.3,0.49581173,-0.12562978,0.29829878,0.09349558,0.170621,0.0017012358,0.19456577
0.9666666666666667,0.5885451,0.046473343,0.3,0.5094387,-0.09723465,0.28748372,0.07910639,0.14370799,0.01251629,0.1645189
1.0,0.58775824,0.04794257,0.3,0.518488,-0.0786055,0.27087143,0.06927025,0.12654808,0.029128581,0.14717765
1.0333333333333332,0.5869471,0.049398478,0.3,0.5268383,-0.07118539,0.27211615,0.06010878,0.12058386,0.027883857,0.13759013
1.0666666666666667,0.5861117,0.050840672,0.3,0.53579456,-0.06501626,0.28321362,0.05031717,0.11585693,0.016786397,0.12742224
1.1,0.58525246,0.052268732,0.3,0.5441369,-0.05594738,0.29437765,0.041115582,0.10821611,0.005622357,0.11590008
1.1333333333333333,0.5843695,0.05368228,0.3,0.55125976,-0.044238746,0.30160323,0.033109725,0.09792103,-0.0016032159,0.10337965
1.1666666666666667,0.58346313,0.05508092,0.3,0.5571109,-0.0317946,0.30265713,0.026352227,0.08687552,-0.0026571155,0.09082321
1.2,0.58253354,0.056464255,0.3,0.56192863,-0.019473381,0.29602933,0.020604908,0.075937636,0.0039706826,0.07878359
1.2333333333333334,0.58158106,0.05783191,0.3,0.56578606,-0.006370537,0.28638262,0.015794992,0.06420244,0.013617396,0.067504585
1.2666666666666666,0.5806059,0.059183497,0.3,0.5686126,0.0019052401,0.28810108,0.011993349,0.057278257,0.011898935,0.059717868
1.3,0.5796084,0.06051865,0.3,0.5716725,0.006552905,0.2996744,0.007935882,0.053965744,0.00032562017,0.054547094
1.3333333333333333,0.5785887,0.061836984,0.3,0.5740542,0.0111545175,0.30749428,0.0045345426,0.050682466,-0.007494271,0.051433828
1.3666666666666667,0.57754725,0.06313815,0.3,0.5756049,0.016370043,0.30680406,0.0019423366,0.046768107,-0.006804049,0.047300357
1.4,0.5764842,0.064421766,0.3,0.57650506,0.02369278,0.2987858,-2.0861626e-05,0.040728986,0.0012142062,0.040747087
1.4333333333333333,0.57539994,0.0656875,0.3,0.57692814,0.032204244,0.29496557,-0.0015282035,0.033483256,0.0050344467,0.03389409
1.4666666666666666,0.57429475,0.06693499,0.3,0.577607,0.0361457,0.30179602,-0.00331223,0.03078929,-0.0017960072,0.031018976
1.5,0.5731689,0.06816387,0.3,0.5780237,0.038471997,0.30488226,-0.0048547983,0.029691875,-0.0048822463,0.03047971
1.5333333333333332,0.57202274,0.06937383,0.3,0.5778036,0.042662863,0.3001563,-0.0057808757,0.026710968,-0.00015628338,0.027329816
1.5666666666666667,0.5708566,0.070564516,0.3,0.5772322,0.048432864,0.297328,-0.006375611,0.022131652,0.0026720166,0.023186162
1.6,0.5696707,0.071735606,0.3,0.5770687,0.05067671,0.30048335,-0.0073980093,0.021058895,-0.00048333406,0.022325795
1.6333333333333333,0.5684655,0.072886765,0.3,0.5765385,0.05284447,0.2983383,-0.008073032,0.020042296,0.0016617179,0.02167092
1.6666666666666667,0.56724125,0.07401768,0.3,0.5755203,0.05717535,0.29506376,-0.008279026,0.016842332,0.004936248,0.019405488
1.7,0.5659983,0.07512804,0.3,0.5748732,0.059405874,0.2973413,-0.008874893,0.015722167,0.0026587248,0.01824881
1.7333333333333334,0.5647371,0.076217525,0.3,0.5743198,0.05996275,0.29701135,-0.009582698,0.016254775,0.0029886663,0.019104397
1.7666666666666666,0.56345785,0.07728583,0.3,0.57306427,0.06284653,0.29195806,-0.009606421,0.014439307,0.008041948,0.019116743
1.8,0.562161,0.078332685,0.3,0.5717146,0.06615925,0.29046056,-0.009553552,0.012173437,0.009539455,0.018178672
1.8333333333333333,0.5608469,0.079357766,0.3,0.5710344,0.06657406,0.29165328,-0.010187447,0.012783706,0.008346736,0.01835416
1.8666666666666667,0.5595159,0.08036082,0.3,0.5698101,0.068050005,0.28794557,-0.010294199,0.012310818,0.012054443,0.020070784
1.9,0.55816835,0.08134154,0.3,0.56815743,0.07110919,0.28493893,-0.009989083,0.010232352,0.01506108,0.02076822
1.9333333333333333,0.5568046,0.08229967,0.3,0.56711614,0.07200789,0.2848295,-0.010311544,0.010291785,0.015170515,0.021033147
1.9666666666666666,0.55542517,0.083234936,0.3,0.5657652,0.07347357,0.283365,-0.010340035,0.009761363,0.016635,0.021884328
2.0,0.55403024,0.08414709,0.3,0.56456476,0.07441468,0.2823603,-0.010534525,0.00973241,0.017639726,0.022734467
2.033333333333333,0.55262035,0.08503586,0.3,0.5630092,0.0760548,0.27966383,-0.010388851,0.008981064,0.02033618,0.024538705
2.0666666666666664,0.55119586,0.085901015,0.3,0.5614179,0.077849194,0.2786194,-0.010222018,0.00805182,0.021380603,0.025029017
2.1,0.5497571,0.08674231,0.3,0.5603355,0.07812008,0.27807307,-0.010578394,0.008622229,0.02192694,0.025827039
2.1333333333333333,0.54830456,0.087559514,0.3,0.5585889,0.079878405,0.2752363,-0.010284364,0.007681109,0.024763703,0.027892806
2.1666666666666665,0.54683864,0.08835239,0.3,0.5569301,0.081494585,0.27465037,-0.010091484,0.006857805,0.025349647,0.028133115
2.2,0.5453597,0.08912072,0.3,0.55583686,0.081603885,0.2745585,-0.010477185,0.0075168386,0.025441498,0.028522693
2.2333333333333334,0.54386806,0.089864306,0.3,0.55411196,0.08301313,0.27206683,-0.010243893,0.006851174,0.02793318,0.030530944
2.2666666666666666,0.5423643,0.09058292,0.3,0.55231315,0.08464489,0.2709918,-0.00994885,0.005938031,0.02900821,0.031236453
2.3,0.5408488,0.09127638,0.3,0.55108047,0.08495157,0.27072322,-0.010231674,0.0063248053,0.029276788,0.03165155
2.3333333333333335,0.5393219,0.09194448,0.3,0.5492686,0.08637612,0.26875615,-0.009946704,0.0055683553,0.03124386,0.03325842
2.3666666666666667,0.5377841,0.09258705,0.3,0.54754686,0.08761904,0.2683797,-0.009762764,0.00496801,0.031620324,0.033463974
2.4,0.5362358,0.093203895,0.3,0.54630286,0.08780991,0.2683177,-0.010067046,0.005393982,0.031682312,0.033678025
2.433333333333333,0.53467745,0.09379485,0.3,0.5445137,0.08901926,0.26655418,-0.0098362565,0.004775591,0.033445835,0.03518781
2.466666666666667,0.5331095,0.094359756,0.3,0.54269326,0.09028377,0.265897,-0.009583771,0.004075989,0.034103006,0.035657782
2.5,0.5315323,0.09489845,0.3,0.5413629,0.09056904,0.26581773,-0.009830594,0.0043294057,0.03418228,0.03583033
2.533333333333333,0.5299463,0.09541079,0.3,0.53953654,0.091721825,0.26443,-0.0095902085,0.0036889613,0.035570025,0.037024416
2.5666666666666664,0.5283521,0.09589662,0.3,0.5377718,0.09271807,0.26416755,-0.009419739,0.0031785443,0.035832465,0.037186023
2.6,0.5267499,0.0963558,0.3,0.5364294,0.09291938,0.26422057,-0.009679496,0.0034364238,0.035779446,0.037224595
2.6333333333333333,0.52514035,0.096788235,0.3,0.53462327,0.09391353,0.26301983,-0.00948292,0.0028747022,0.036980182,0.038284767
2.6666666666666665,0.5235238,0.09719378,0.3,0.5328119,0.094865344,0.26266503,-0.009288073,0.002328433,0.03733498,0.03854336
2.7,0.5219007,0.09757232,0.3,0.53142035,0.095079765,0.26274797,-0.009519637,0.0024925545,0.03725204,0.03852987
2.7333333333333334,0.52027154,0.09792377,0.3,0.5296037,0.09598085,0.26179534,-0.00933218,0.0019429177,0.03820467,0.039375897
2.7666666666666666,0.51863676,0.09824801,0.3,0.5278276,0.09674073,0.26164758,-0.009190857,0.0015072823,0.03835243,0.039467108
2.8,0.5169968,0.09854496,0.3,0.52642304,0.09688464,0.2618085,-0.009426236,0.0016603246,0.038191497,0.039372593
2.8333333333333335,0.5153521,0.09881454,0.3,0.5246217,0.09765673,0.26100892,-0.009269655,0.0011578128,0.038991094,0.040094543
2.8666666666666667,0.5137031,0.099056676,0.3,0.52283114,0.09833086,0.26085812,-0.009128034,0.0007258132,0.039141893,0.040198702
2.9,0.51205033,0.09927129,0.3,0.52140105,0.098437384,0.26106146,-0.009350717,0.00083390623,0.038938552,0.04005424
2.933333333333333,0.5103942,0.09945833,0.3,0.5196043,0.0991014,0.26042354,-0.00921011,0.0003569275,0.03957647,0.040635582
2.966666666666667,0.50873524,0.09961775,0.3,0.51783377,0.099633165,0.26036847,-0.00909853,-1.5415251e-05,0.039631546,0.04066255
3.0,0.5070738,0.0997495,0.3,0.51639134,0.09967587,0.26061282,-0.009317517,7.362664e-05,0.039387196,0.040474348
3.033333333333333,0.5054104,0.09985354,0.3,0.51460564,0.100227684,0.26009282,-0.009195268,-0.0003741458,0.039907187,0.040954567
3.0666666666666664,0.5037455,0.09992983,0.3,0.51284134,0.10064974,0.26007402,-0.009095848,-0.0007199049,0.039925992,0.040955313
3.1,0.50207955,0.09997838,0.3,0.5113878,0.10063105,0.26035172,-0.009308279,-0.00065267086,0.039648294,0.040731527
3.1333333333333333,0.50041306,0.09999915,0.3,0.5096125,0.101074636,0.25993687,-0.0091994405,-0.0010754839,0.040063143,0.041119847
3.1666666666666665,0.49874642,0.09999215,0.3,0.50786185,0.10138029,0.25996253,-0.009115428,-0.00138814,0.040037483,0.041085497
3.2,0.49708012,0.09995737,0.3,0.506402,0.10129323,0.2602679,-0.009321898,-0.0013358593,0.0397321,0.040832855
3.2333333333333334,0.49541464,0.099894814,0.3,0.5046401,0.101630464,0.25993848,-0.009225458,-0.00173565,0.040061533,0.041146662
3.2666666666666666,0.49375045,0.09980453,0.3,0.5029018,0.10182817,0.25999284,-0.0091513395,-0.0020236447,0.040007174,0.04109034
3.3,0.492088,0.09968651,0.3,0.5014397,0.101670675,0.26032156,-0.009351701,-0.0019841641,0.039678454,0.04081386
3.3333333333333335,0.49042773,0.09954081,0.3,0.49969205,0.10190395,0.26006424,-0.00926432,-0.0023631454,0.039935768,0.04106431
3.3666666666666667,0.48877013,0.099367455,0.3,0.4979681,0.10199659,0.2601417,-0.00919798,-0.0026291385,0.03985831,0.040990245
3.4,0.48711565,0.0991665,0.3,0.49650687,0.10176666,0.26048917,-0.009391218,-0.0026001632,0.039510846,0.04069475
3.433333333333333,0.48546472,0.09893799,0.3,0.4947764,0.101898424,0.26029247,-0.009311676,-0.002960436,0.03970754,0.040892057
3.466666666666667,0.48381788,0.09868201,0.3,0.49306813,0.10188968,0.26038614,-0.009250253,-0.0032076687,0.039613873,0.040805824
3.5,0.4821755,0.09839862,0.3,0.4916115,0.10158566,0.26074836,-0.009436011,-0.003187038,0.039251655,0.04049553
3.533333333333333,0.48053807,0.098087884,0.3,0.48989987,0.10161819,0.26060262,-0.0093618035,-0.0035303086,0.03939739,0.04064801
3.5666666666666664,0.47890604,0.09774991,0.3,0.48820972,0.10151081,0.26070827,-0.009303689,-0.0037608966,0.03929174,0.040552974
3.6,0.4772799,0.09738479,0.3,0.4867614,0.10113228,0.26108176,-0.00948149,-0.003747493,0.038918257,0.040231492
3.6333333333333333,0.47566003,0.09699261,0.3,0.48507088,0.10106827,0.26097858,-0.009410858,-0.0040756613,0.039021432,0.040346593
3.6666666666666665,0.47404695,0.096573494,0.3,0.4834009,0.10086511,0.2610922,-0.0093539655,-0.0042916164,0.038907826,0.040245913
3.6999999999999997,0.47244108,0.096127555,0.3,0.48196462,0.10041189,0.26147395,-0.009523541,-0.004284337,0.03852606,0.03991629
3.7333333333333334,0.47084287,0.095654905,0.3,0.4802977,0.10025301,0.26140672,-0.009454846,-0.0045981035,0.038593292,0.039999735
3.7666666666666666,0.46925274,0.09515569,0.3,0.47865066,0.09995643,0.26152548,-0.009397924,-0.004800737,0.03847453,0.039895583
3.8,0.46767116,0.09463005,0.3,0.47722954,0.09942882,0.26191282,-0.00955838,-0.00479877,0.03808719,0.039560396
3.8333333333333335,0.46609855,0.094078116,0.3,0.47558892,0.09917795,0.2618762,-0.009490371,-0.005099833,0.038123816,0.039616924
3.8666666666666667,0.46453536,0.09350005,0.3,0.47396755,0.09879063,0.26199734,-0.009432197,-0.005290583,0.03800267,0.039511513
3.9,0.46298203,0.092896014,0.3,0.47256532,0.098189086,0.26238835,-0.009583294,-0.0052930713,0.037611663,0.03917261
3.933333333333333,0.46143898,0.09226618,0.3,0.47095397,0.09784758,0.26237735,-0.0095149875,-0.0055814013,0.03762266,0.039206527
3.966666666666667,0.45990664,0.09161071,0.3,0.46936134,0.09737228,0.2624991,-0.009454697,-0.005761571,0.037500918,0.039101224
4.0,0.45838544,0.0909298,0.3,0.46798116,0.09669725,0.26289144,-0.009595722,-0.0057674497,0.03710857,0.038760643
4.033333333333333,0.45687577,0.090223625,0.3,0.4664022,0.09626805,0.26290238,-0.009526432,-0.006044425,0.037097633,0.03877528
4.066666666666666,0.45537812,0.08949239,0.3,0.4648407,0.0957065,0.26302314,-0.009462595,-0.006214112,0.036976874,0.038670987
4.1,0.45389283,0.088736296,0.3,0.46348646,0.094958775,0.26341537,-0.009593636,-0.006222479,0.036584646,0.03833006
4.133333333333333,0.45242038,0.08795556,0.3,0.4619425,0.09444377,0.26344484,-0.00952211,-0.0064882115,0.03655517,0.038328163
4.166666666666667,0.4509611,0.08715039,0.3,0.46041584,0.093798816,0.26356316,-0.009454727,-0.0066484287,0.036436856,0.038226143
4.2,0.4495155,0.086321004,0.3,0.4590906,0.09298053,0.26395375,-0.009575099,-0.0066595227,0.036046267,0.037886214
4.233333333333333,0.4480839,0.085467644,0.3,0.4575849,0.0923817,0.26399875,-0.00950098,-0.006914057,0.036001265,0.037870355
4.266666666666667,0.44666672,0.08459055,0.3,0.4560959,0.09165583,0.26411423,-0.009429187,-0.0070652813,0.03588578,0.037770584
4.3,0.44526434,0.08368995,0.3,0.4548032,0.0907675,0.26450172,-0.009538859,-0.0070775524,0.03549829,0.03743274
4.333333333333333,0.4438772,0.08276611,0.3,0.45333877,0.09008763,0.26455975,-0.009461582,-0.0073215216,0.035440266,0.037405062
4.366666666666666,0.4425056,0.08181928,0.3,0.45195392,0.089256965,0.26477033,-0.00944832,-0.0074376836,0.035229683,0.037225265
4.4,0.44115,0.08084973,0.3,0.45056227,0.08844006,0.26492596,-0.009412259,-0.007590331,0.035074055,0.03709977
4.433333333333334,0.43981075,0.07985771,0.3,0.44922954,0.08753392,0.26516652,-0.009418786,-0.007676214,0.03483349,0.036891866
4.466666666666667,0.4384882,0.07884351,0.3,0.4478587,0.08668282,0.2653041,-0.009370506,-0.007839307,0.034695923,0.036784075
4.5,0.43718275,0.07780741,0.3,0.4465505,0.085732624,0.26553583,-0.009367734,-0.007925212,0.03446418,0.03658337
4.533333333333333,0.43589473,0.076749705,0.3,0.44521266,0.084828354,0.2656796,-0.0093179345,-0.00807865,0.034320414,0.036468882
4.566666666666666,0.43462455,0.075670674,0.3,0.4439345,0.0838327,0.26590863,-0.0093099475,-0.008162029,0.034091383,0.036270045
4.6,0.4333725,0.07457062,0.3,0.442627,0.08288276,0.2660507,-0.009254515,-0.008312143,0.033949316,0.036156517
4.633333333333333,0.43213898,0.07344986,0.3,0.44138035,0.08184035,0.26627684,-0.009241372,-0.008390494,0.033723176,0.035959087
4.666666666666667,0.4309243,0.0723087,0.3,0.44010743,0.08084344,0.2664215,-0.009183139,-0.008534744,0.033578515,0.035842553
4.7,0.4297288,0.07114744,0.3,0.43889272,0.079758175,0.266643,-0.009163916,-0.008610733,0.033357024,0.035648465
4.733333333333333,0.4285528,0.069966435,0.3,0.43765286,0.078717336,0.26678514,-0.00910005,-0.008750901,0.033214867,0.035533316
4.766666666666667,0.42739668,0.06876599,0.3,0.43647256,0.07758722,0.26700363,-0.00907588,-0.008821227,0.032996386,0.035340447
4.8,0.42626074,0.06754644,0.3,0.43526995,0.07650123,0.26714724,-0.009009212,-0.008954786,0.03285277,0.03522298
4.833333333333333,0.42514527,0.06630813,0.3,0.43412426,0.07533098,0.26736024,-0.008978993,-0.009022847,0.03263977,0.03503411
4.866666666666666,0.42405057,0.0650514,0.3,0.43295705,0.07420313,0.26750022,-0.008906484,-0.009151734,0.03249979,0.034918707
4.9,0.42297697,0.063776605,0.3,0.43184835,0.0729905,0.26770976,-0.0088713765,-0.009213895,0.03229025,0.034731217
4.933333333333334,0.42192477,0.062484086,0.3,0.43072075,0.0718202,0.2678504,-0.008795977,-0.009336114,0.032149613,0.03461401
4.966666666666667,0.42089427,0.061174214,0.3,0.4296489,0.07056981,0.26805422,-0.008754641,-0.009395599,0.031945795,0.034430437
5.0,0.41988572,0.05984735,0.3,0.4285591,0.06936057,0.26818994,-0.00867337,-0.009513218,0.031810075,0.034316316
5.033333333333333,0.41889945,0.058503866,0.3,0.4275267,0.0680699,0.26838955,-0.008627266,-0.009566031,0.03161046,0.034134436
5.066666666666666,0.4179357,0.05714413,0.3,0.4264788,0.06682072,0.26852524,-0.008543104,-0.009676587,0.03147477,0.034018848
5.1,0.41699475,0.05576852,0.3,0.4254856,0.065494955,0.26871842,-0.00849086,-0.009726435,0.03128159,0.033841338
5.133333333333333,0.41607684,0.054377418,0.3,0.42447734,0.06420981,0.26884812,-0.0084005,-0.009832393,0.03115189,0.033729583
5.166666666666667,0.41518223,0.05297121,0.3,0.42352557,0.0628465,0.26903674,-0.008343339,-0.009875286,0.030963272,0.03355379
5.2,0.4143112,0.051550295,0.3,0.42256102,0.061523993,0.26916534,-0.008249819,-0.009973697,0.030834675,0.033441164
5.233333333333333,0.41346398,0.050115056,0.3,0.42165115,0.06012849,0.26934713,-0.008187175,-0.010013435,0.03065288,0.033270076
5.266666666666667,0.41264078,0.048665892,0.3,0.42072812,0.058772914,0.26946867,-0.008087337,-0.010107022,0.030531347,0.033162028
5.3,0.41184187,0.047203213,0.3,0.41986173,0.057342596,0.26964524,-0.008019865,-0.010139383,0.030354768,0.03299299
5.333333333333333,0.41106743,0.045727428,0.3,0.41898462,0.055952854,0.2697652,-0.007917196,-0.010225426,0.030234814,0.032884423
5.366666666666666,0.4103177,0.044238936,0.3,0.41816136,0.054492943,0.26993445,-0.007843673,-0.010254007,0.030065566,0.03272012
5.4,0.40959287,0.042738155,0.3,0.41732758,0.0530736,0.27004594,-0.007734716,-0.010335445,0.029954076,0.032617386
5.433333333333334,0.40889314,0.041225504,0.3,0.4165496,0.051581684,0.27020955,-0.007656455,-0.01035618,0.029790461,0.03245525
5.466666666666667,0.40821874,0.039701406,0.3,0.4157632,0.05013135,0.27031887,-0.007544458,-0.010429945,0.029681146,0.03235233
5.5,0.40756983,0.038166277,0.3,0.4150301,0.048613146,0.27047485,-0.0074602664,-0.010446869,0.02952516,0.03219515
5.533333333333333,0.4069466,0.036620546,0.3,0.4142886,0.04713647,0.27057475,-0.0073420107,-0.010515925,0.029425263,0.032098845
5.566666666666666,0.4063492,0.03506464,0.3,0.4136026,0.045588877,0.27072406,-0.0072533786,-0.010524236,0.029275954,0.03194452
5.6,0.4057778,0.033499,0.3,0.41290963,0.044085,0.27082098,-0.007131815,-0.010586001,0.029179037,0.031848744
5.633333333333333,0.4052326,0.03192405,0.3,0.41227016,0.042514548,0.27096257,-0.00703755,-0.010590497,0.029037446,0.031699512
5.666666666666667,0.40471375,0.030340238,0.3,0.4116236,0.040987447,0.27104884,-0.0069098473,-0.010647209,0.028951168,0.03161138
5.7,0.40422133,0.028747994,0.3,0.41103247,0.039390903,0.27118397,-0.006811142,-0.0106429085,0.028816044,0.031464703
5.733333333333333,0.40375552,0.027147764,0.3,0.41043562,0.037840467,0.27126646,-0.006680101,-0.010692703,0.028733552,0.031377934
5.766666666666667,0.40331644,0.025539994,0.3,0.40989238,0.036223732,0.27139324,-0.006575942,-0.010683738,0.028606772,0.03123672
5.8,0.4029042,0.023925131,0.3,0.409343,0.034653883,0.27146447,-0.0064387918,-0.010728752,0.028535545,0.03115833
5.833333333333333,0.402519,0.022303624,0.3,0.40884927,0.033014584,0.271584,-0.0063302815,-0.01071096,0.028416008,0.031020422
5.866666666666666,0.40216082,0.020675918,0.3,0.40835074,0.031424746,0.27165076,-0.0061899126,-0.010748828,0.02834925,0.03094402
5.9,0.4018298,0.019042471,0.3,0.4079062,0.029769117,0.27176195,-0.0060763955,-0.010726646,0.028238058,0.030811872
5.933333333333334,0.4015261,0.017403735,0.3,0.4074555,0.028163558,0.27181673,-0.0059294105,-0.010759823,0.028183281,0.030744579
5.966666666666667,0.4012497,0.015760163,0.3,0.40706176,0.026488801,0.27192032,-0.005812049,-0.010728639,0.028079689,0.030616214
6.0,0.40100077,0.014112214,0.3,0.4066631,0.024867356,0.2719702,-0.005662322,-0.010755142,0.0280298,0.030551672
6.033333333333333,0.40077934,0.0124603445,0.3,0.40631917,0.023179486,0.27206546,-0.0055398345,-0.010719142,0.027934551,0.03042908
6.066666666666666,0.40058544,0.010805014,0.3,0.40596896,0.021546429,0.27210245,-0.0053835213,-0.010741415,0.027897567,0.0303749
6.1,0.40041918,0.009146682,0.3,0.40567636,0.019842789,0.27219,-0.0052571893,-0.010696107,0.027810007,0.03025626
6.133333333333333,0.4002806,0.007485811,0.3,0.40537873,0.018197851,0.27222174,-0.0050981343,-0.010712041,0.027778268,0.030205479
6.166666666666667,0.40016967,0.0058228597,0.3,0.40513694,0.01648523,0.2723008,-0.0049672723,-0.010662369,0.027699202,0.030093284
6.2,0.4000865,0.004158291,0.3,0.4048884,0.014832692,0.27231923,-0.004801899,-0.010674401,0.027680784,0.030053733
6.233333333333333,0.40003106,0.0024925666,0.3,0.40469858,0.013107566,0.27239063,-0.0046675205,-0.010615,0.027609378,0.029945645
6.266666666666667,0.4000034,0.00082615024,0.3,0.40450314,0.011447253,0.27240345,-0.0044997334,-0.0106211025,0.027596563,0.029910294
6.3,0.40000352,-0.0008404956,0.3,0.40436462,0.009716347,0.27246648,-0.004361093,-0.010556842,0.027533531,0.029808747
6.333333333333333,0.40003142,-0.002506908,0.3,0.4042184,0.008052991,0.27246565,-0.004186988,-0.010559899,0.027534366,0.029785627
6.366666666666666,0.4000871,-0.0041726236,0.3,0.40413216,0.0063135866,0.27252105,-0.004045069,-0.01048621,0.027478963,0.029688662
6.4,0.4001705,-0.0058371807,0.3,0.40403956,0.00464655,0.27251452,-0.0038690567,-0.010483731,0.02748549,0.029670361
6.433333333333334,0.40028167,-0.0075001162,0.3,0.404005,0.0029052575,0.2725619,-0.0037233233,-0.010405374,0.027438104,0.029580137
6.466666666666667,0.4004205,-0.009160969,0.3,0.40396178,0.0012389263,0.27254152,-0.0035412908,-0.010399896,0.027458489,0.029574772
6.5,0.400587,-0.010819277,0.3,0.4039798,-0.0005068653,0.27258152,-0.0033928156,-0.010312412,0.027418494,0.029489504
6.533333333333333,0.40078112,-0.012474579,0.3,0.4039901,-0.0021725893,0.2725554,-0.003208965,-0.0103019895,0.027444601,0.029489568
6.566666666666666,0.4010028,-0.014126415,0.3,0.40405995,-0.0039165756,0.2725879,-0.003057152,-0.01020984,0.027412117,0.029411072
6.6,0.40125197,-0.01577433,0.3,0.40412003,-0.005577007,0.2725478,-0.0028680563,-0.010197323,0.0274522,0.029425066
6.633333333333333,0.4015286,-0.017417861,0.3,0.40424186,-0.0073218625,0.27257335,-0.002713263,-0.010095999,0.02742666,0.029351536
6.666666666666667,0.40183255,-0.019056555,0.3,0.40435538,-0.008977665,0.2725279,-0.0025228262,-0.01007889,0.027472109,0.029371167
6.7,0.40216377,-0.020689955,0.3,0.4045293,-0.010716509,0.27254653,-0.0023655295,-0.009973446,0.027453482,0.02930459
6.733333333333333,0.40252218,-0.022317609,0.3,0.4046921,-0.01236246,0.27248704,-0.002169937,-0.009955149,0.027512968,0.029339
6.766666666666667,0.40290767,-0.023939062,0.3,0.4049185,-0.014098824,0.27249938,-0.0020108223,-0.009840238,0.02750063,0.029277267
6.8,0.4033201,-0.025553867,0.3,0.4051345,-0.01573591,0.27243477,-0.0018143952,-0.009817958,0.02756524,0.029317688
6.833333333333333,0.40375942,-0.027161572,0.3,0.4054123,-0.017462414,0.27244094,-0.0016528666,-0.009699158,0.027559072,0.029262742
6.866666666666666,0.40422547,-0.028761733,0.3,0.40567726,-0.019085646,0.27236235,-0.0014517903,-0.009676088,0.02763766,0.029318504
6.8999999999999995,0.4047181,-0.030353907,0.3,0.40600684,-0.020805769,0.27236286,-0.0012887418,-0.009548139,0.027637154,0.029268416
6.933333333333334,0.4052372,-0.031937648,0.3,0.40632522,-0.02241603,0.27227998,-0.0010880232,-0.0095216185,0.027720034,0.029329939
6.966666666666667,0.40578264,-0.033512518,0.3,0.40670595,-0.024122411,0.2722752,-0.00092330575,-0.009390106,0.027724802,0.029286366
7.0,0.40635425,-0.03507808,0.3,0.4070724,-0.025714526,0.2721783,-0.00071814656,-0.009363553,0.02782172,0.029363923
7.033333333333333,0.40695184,-0.036633894,0.3,0.40750444,-0.027410762,0.27216858,-0.00055259466,-0.009223131,0.027831435,0.02932508
7.066666666666666,0.4075753,-0.038179535,0.3,0.4079236,-0.028985962,0.27206838,-0.00034829974,-0.009193573,0.02793163,0.029407807
7.1,0.40822443,-0.03971457,0.3,0.4084061,-0.030664481,0.27205408,-0.00018167496,-0.00905009,0.027945936,0.02937537
7.133333333333333,0.40889907,-0.041238576,0.3,0.40887296,-0.032217175,0.27194,2.6106834e-05,-0.009021401,0.028060019,0.029474583
7.166666666666667,0.409599,-0.04275113,0.3,0.4094056,-0.03388224,0.27192196,0.00019341707,-0.008868888,0.02807805,0.029446077
7.2,0.41032404,-0.0442518,0.3,0.40992454,-0.03541459,0.27180508,0.00039950013,-0.008837208,0.028194934,0.02955013
7.233333333333333,0.41107398,-0.045740183,0.3,0.41050717,-0.037057243,0.27178353,0.00056681037,-0.00868294,0.028216481,0.02952769
7.266666666666667,0.41184863,-0.04721586,0.3,0.41107267,-0.038563237,0.27165312,0.00077596307,-0.008652624,0.028346896,0.029648213
7.3,0.41264778,-0.048678424,0.3,0.4117044,-0.04018916,0.27162883,0.0009433925,-0.008489266,0.028371185,0.02962907
7.333333333333333,0.41347116,-0.050127465,0.3,0.41232118,-0.041671168,0.2714967,0.0011499822,-0.008456297,0.028503299,0.029753478
7.366666666666666,0.41431862,-0.051562577,0.3,0.41300175,-0.0432713,0.2714694,0.0013168752,-0.008291278,0.028530598,0.029740116
7.3999999999999995,0.41518983,-0.052983373,0.3,0.413664,-0.0447226,0.27132383,0.0015258193,-0.008260772,0.028676182,0.029881297
7.433333333333334,0.41608465,-0.054389454,0.3,0.41439277,-0.046302315,0.27129507,0.0016918778,-0.00808714,0.028704941,0.029870352
7.466666666666667,0.41700274,-0.055780422,0.3,0.41510516,-0.04772667,0.27114868,0.0018975735,-0.0080537535,0.02885133,0.030014379
7.5,0.4179439,-0.057155896,0.3,0.41588122,-0.0492765,0.27111778,0.0020626783,-0.007879395,0.028882235,0.030008717
7.533333333333333,0.41890785,-0.058515497,0.3,0.41663802,-0.05066637,0.27095827,0.0022698343,-0.007849127,0.029041737,0.030169247
7.566666666666666,0.4198943,-0.05985884,0.3,0.41746077,-0.05219274,0.270927,0.0024335384,-0.0076661,0.029073,0.030165054
7.6,0.42090303,-0.061185557,0.3,0.41826627,-0.05355251,0.27076724,0.0026367605,-0.007633049,0.02923277,0.030327722
7.633333333333333,0.42193374,-0.06249528,0.3,0.4191349,-0.0550455,0.27073443,0.0027988255,-0.0074497797,0.029265583,0.03032832
7.666666666666667,0.42298612,-0.06378765,0.3,0.41998357,-0.056367215,0.27056208,0.0030025542,-0.007420432,0.02943793,0.030506881
7.7,0.4240599,-0.06506229,0.3,0.420897,-0.057833493,0.27052975,0.0031628907,-0.007228799,0.029470265,0.030508293
7.733333333333333,0.42515475,-0.06631886,0.3,0.4217927,-0.059122328,0.27035818,0.0033620596,-0.0071965344,0.029641837,0.030687653
7.766666666666667,0.42627043,-0.067557015,0.3,0.4227504,-0.06055122,0.27032474,0.003520012,-0.007005796,0.029675275,0.030693544
7.8,0.42740655,-0.0687764,0.3,0.42368758,-0.0617986,0.27014047,0.0037189722,-0.0069778003,0.029859543,0.030888716
7.833333333333333,0.42856285,-0.06997668,0.3,0.42468825,-0.06319811,0.2701088,0.0038746,-0.006778568,0.029891223,0.030894121
7.866666666666666,0.429739,-0.07115753,0.3,0.42567077,-0.06440986,0.26992595,0.0040682256,-0.0067476705,0.03007406,0.031089075
7.8999999999999995,0.43093467,-0.072318606,0.3,0.4267143,-0.065768875,0.26989377,0.0042203665,-0.006549731,0.030106246,0.031098176
7.933333333333334,0.4321495,-0.07345959,0.3,0.4277356,-0.06693598,0.26969823,0.0044139028,-0.006523609,0.03030178,0.03130875
7.966666666666667,0.4333832,-0.074580185,0.3,0.42881978,-0.06826259,0.26966882,0.004563421,-0.006317593,0.030331194,0.031316422
8.0,0.4346354,-0.07568005,0.3,0.4298849,-0.06939195,0.2694758,0.00475049,-0.0062880963,0.030524224,0.031525157
8.033333333333333,0.43590575,-0.0767589,0.3,0.43100953,-0.07067467,0.26944572,0.0048962235,-0.006084226,0.030554295,0.03153658
8.066666666666666,0.43719393,-0.07781644,0.3,0.43211135,-0.07175623,0.26923984,0.0050825775,-0.006060213,0.030760169,0.031760775
8.1,0.43849954,-0.07885236,0.3,0.43327466,-0.073004246,0.2692136,0.0052248836,-0.005848117,0.030786425,0.031769544
8.133333333333333,0.43982226,-0.07986639,0.3,0.43441805,-0.07404583,0.2690106,0.005404204,-0.0058205575,0.030989408,0.031991057
8.166666666666666,0.44116166,-0.08085822,0.3,0.4356191,-0.07524699,0.26898396,0.0055425763,-0.0056112334,0.031016052,0.03200315
8.2,0.44251743,-0.0818276,0.3,0.43679664,-0.07623823,0.26876816,0.005720794,-0.0055893734,0.03123185,0.032239683
8.233333333333333,0.44388917,-0.082774244,0.3,0.43803406,-0.077402234,0.2687463,0.0058551133,-0.00537201,0.031253725,0.032248043
8.266666666666666,0.4452765,-0.0836979,0.3,0.4392509,-0.07835201,0.26853383,0.0060256124,-0.0053458884,0.031466186,0.032480877
8.3,0.446679,-0.0845983,0.3,0.44052348,-0.079466,0.26851118,0.0061555207,-0.0051323026,0.031488836,0.032492734
8.333333333333334,0.44809633,-0.08547521,0.3,0.44177198,-0.08036273,0.26828593,0.006324351,-0.0051124766,0.03171408,0.032740157
8.366666666666667,0.4495281,-0.086328365,0.3,0.44307786,-0.081437774,0.26826924,0.006450236,-0.004890591,0.03173077,0.03274699
8.4,0.45097387,-0.08715755,0.3,0.44436282,-0.082291156,0.2680477,0.006611049,-0.0048663914,0.03195232,0.032989975
8.433333333333334,0.45243326,-0.087962516,0.3,0.44570172,-0.08331368,0.26802987,0.00673154,-0.0046488345,0.031970143,0.033000235
8.466666666666667,0.45390585,-0.08874305,0.3,0.44701517,-0.08411146,0.26779497,0.0068906844,-0.004631594,0.032205045,0.033258054
8.5,0.45539126,-0.08949894,0.3,0.44838458,-0.08509341,0.26778424,0.007006675,-0.0044055283,0.032215774,0.033261962
8.533333333333333,0.45688903,-0.09022996,0.3,0.44973162,-0.085847266,0.26755348,0.007157415,-0.0043826923,0.032446533,0.033514388
8.566666666666666,0.45839882,-0.09093592,0.3,0.45113093,-0.0867734,0.26754093,0.0072678924,-0.00416252,0.03245908,0.03352224
8.6,0.45992014,-0.09161662,0.3,0.45250362,-0.08746929,0.26729685,0.0074165165,-0.004147336,0.03270316,0.03378908
8.633333333333333,0.4614526,-0.09227187,0.3,0.45393035,-0.088353455,0.2672924,0.007522255,-0.003918417,0.0327076,0.03378943
8.666666666666666,0.46299577,-0.09290149,0.3,0.4553335,-0.089004755,0.26705265,0.0076622665,-0.0038967356,0.03294736,0.03405031
8.7,0.4645492,-0.09350531,0.3,0.45678702,-0.08983119,0.26704535,0.0077621937,-0.0036741197,0.032954663,0.03405526
8.733333333333333,0.46611252,-0.094083145,0.3,0.4582126,-0.090422064,0.2667923,0.00789991,-0.0036610812,0.033207715,0.034330226
8.766666666666666,0.46768522,-0.09463485,0.3,0.45969036,-0.091205254,0.26679438,0.00799486,-0.003429599,0.03320563,0.03432628
8.8,0.4692669,-0.09516027,0.3,0.46114317,-0.09175085,0.26654577,0.008123726,-0.0034094155,0.03345424,0.03459487
8.833333333333334,0.4708571,-0.095659256,0.3,0.46264452,-0.092474215,0.26654404,0.008212596,-0.0031850412,0.033455968,0.03459614
8.866666666666667,0.47245544,-0.09613167,0.3,0.46411633,-0.092958,0.2662818,0.008339107,-0.0031736642,0.0337182,0.034878787
8.9,0.4740614,-0.096577376,0.3,0.46563885,-0.09363699,0.26629093,0.008422554,-0.0029403865,0.03370908,0.034869574
8.933333333333334,0.47567457,-0.09699626,0.3,0.46713474,-0.09407507,0.26603335,0.008539826,-0.0029211938,0.03396666,0.035145357
8.966666666666667,0.4772945,-0.0973882,0.3,0.4686771,-0.09469228,0.266037,0.008617401,-0.002695918,0.033963025,0.035142776
9.0,0.47892076,-0.097753085,0.3,0.470188,-0.09506672,0.26576576,0.008732766,-0.0026863664,0.034234256,0.0354325
9.033333333333333,0.48055285,-0.09809082,0.3,0.47174832,-0.095639005,0.26578188,0.00880453,-0.0024518147,0.034218132,0.035417676
9.066666666666666,0.48219034,-0.0984013,0.3,0.4732801,-0.095967546,0.26551542,0.008910239,-0.0024337545,0.034484595,0.03570018
9.1,0.48383278,-0.09868445,0.3,0.47485676,-0.09647664,0.26552472,0.0089760125,-0.0022078156,0.034475297,0.035692986
9.133333333333333,0.4854797,-0.098940186,0.3,0.47640032,-0.0967402,0.26524428,0.009079397,-0.002199985,0.034755737,0.035989396
9.166666666666666,0.48713067,-0.09916844,0.3,0.477991,-0.09720385,0.26526755,0.009139657,-0.0019645914,0.03473246,0.035968553
9.2,0.4887852,-0.09936915,0.3,0.4795515,-0.09742191,0.26499206,0.009233713,-0.0019472465,0.035007954,0.03625755
9.233333333333333,0.49044287,-0.09954226,0.3,0.48107588,-0.097699456,0.26486453,0.009366989,-0.0018428043,0.035135478,0.036409315
9.266666666666666,0.4921032,-0.09968772,0.3,0.48275957,-0.098247774,0.26501068,0.009343624,-0.0014399439,0.034989327,0.03624403
9.3,0.49376568,-0.099805474,0.3,0.48430562,-0.09822841,0.26456317,0.009460062,-0.0015770644,0.03543684,0.036711708
9.333333333333334,0.4954299,-0.09989552,0.3,0.48592687,-0.09857242,0.26463783,0.009503037,-0.0013231039,0.035362184,0.03664072
9.366666666666667,0.49709544,-0.09995781,0.3,0.48752993,-0.09867819,0.26437512,0.009565502,-0.0012796223,0.03562489,0.036908932
9.4,0.49876174,-0.099992335,0.3,0.48907638,-0.09872677,0.26418155,0.009685367,-0.0012655631,0.035818458,0.037126403
9.433333333333334,0.5004284,-0.099999085,0.3,0.4907698,-0.099108905,0.26429325,0.009658575,-0.00089018047,0.03570676,0.037000716
9.466666666666667,0.5020949,-0.09997805,0.3,0.49233335,-0.09896978,0.26387787,0.009761572,-0.0010082722,0.036122143,0.03743146
9.5,0.5037609,-0.09992926,0.3,0.49397716,-0.09921017,0.26399973,0.009783715,-0.00071908534,0.03600028,0.037312977
9.533333333333333,0.5054258,-0.099852696,0.3,0.49559718,-0.09918651,0.26371488,0.009828627,-0.0006661862,0.036285132,0.037598625
9.566666666666666,0.5070892,-0.0997484,0.3,0.49715844,-0.09906178,0.26350954,0.00993076,-0.00068662316,0.03649047,0.03782388
9.6,0.5087506,-0.0996164,0.3,0.49885368,-0.09929833,0.26359716,0.009896934,-0.00031807274,0.03640285,0.037725564
9.633333333333333,0.51040965,-0.09945672,0.3,0.50042576,-0.09902516,0.26319525,0.009983897,-0.00043155998,0.036804765,0.03813732
9.666666666666666,0.51206577,-0.09926942,0.3,0.5020772,-0.09914112,0.26334542,0.009988546,-0.000128299,0.03665459,0.0379914
9.7,0.5137185,-0.099054545,0.3,0.50369865,-0.098985374,0.2630383,0.010019839,-6.917119e-05,0.036961704,0.038295817
9.733333333333333,0.51536745,-0.098812155,0.3,0.5052651,-0.098703705,0.262839,0.010102332,-0.00010845065,0.037161022,0.038509876
9.766666666666666,0.5170121,-0.09854232,0.3,0.5069518,-0.098799415,0.26290432,0.01006031,0.00025709718,0.037095696,0.03843653
9.8,0.5186521,-0.09824511,0.3,0.5085207,-0.098388694,0.26251033,0.010131359,0.00014358759,0.037489682,0.038834795
9.833333333333334,0.52028686,-0.0979206,0.3,0.51016724,-0.098372385,0.2626821,0.010119617,0.0004517883,0.0373179,0.03866829
9.866666666666667,0.52191603,-0.09756889,0.3,0.5117774,-0.098084345,0.26235253,0.010138631,0.0005154535,0.037647486,0.038992185
9.9,0.52353907,-0.09719009,0.3,0.5133367,-0.09765328,0.2621656,0.010202348,0.0004631877,0.037834406,0.03918858
9.933333333333334,0.52515554,-0.096784286,0.3,0.5150044,-0.09761086,0.26221025,0.010151148,0.00082657486,0.037789762,0.039138157
9.966666666666667,0.5267651,-0.096351594,0.3,0.516559,-0.09706267,0.26182204,0.010206103,0.00071107596,0.038177967,0.03952502
10.0,0.52836716,-0.095892146,0.3,0.51818866,-0.09691239,0.2620121,0.010178506,0.0010202453,0.037987918,0.039341133
10.033333333333333,0.5299614,-0.095406055,0.3,0.51977545,-0.096492425,0.26166064,0.010185957,0.0010863692,0.038339376,0.039684277
10.066666666666666,0.53154725,-0.09489346,0.3,0.5213162,-0.095916644,0.26148945,0.010231078,0.0010231808,0.03851056,0.039859567
10.1,0.5331244,-0.09435452,0.3,0.5229536,-0.09573906,0.26151407,0.010170758,0.0013845414,0.038485944,0.03983126
10.133333333333333,0.53469235,-0.09378936,0.3,0.5244818,-0.09505612,0.26113123,0.010210574,0.0012667552,0.038868785,0.040207498
10.166666666666666,0.5362506,-0.09319814,0.3,0.52608347,-0.09477224,0.26133794,0.010167122,0.0015740991,0.038662076,0.040007554
10.2,0.5377988,-0.09258104,0.3,0.52763504,-0.094222955,0.26096565,0.010163784,0.0016419142,0.039034367,0.0403693
10.233333333333333,0.53933656,-0.09193822,0.3,0.5291458,-0.09350756,0.26081145,0.010190785,0.0015693381,0.039188564,0.040522322
10.266666666666666,0.54086334,-0.091269866,0.3,0.53074193,-0.09319759,0.260817,0.010121405,0.001927726,0.03918302,0.040515035
10.3,0.5423788,-0.09057616,0.3,0.5322325,-0.09238322,0.26043966,0.01014626,0.0018070638,0.039560348,0.04088072
10.333333333333334,0.5438824,-0.08985729,0.3,0.53379536,-0.09196748,0.26066232,0.010087073,0.0021101907,0.039337695,0.040665172
10.366666666666667,0.5453739,-0.08911346,0.3,0.53530014,-0.09129266,0.26027027,0.010073781,0.002179198,0.039729744,0.041044883
10.4,0.54685277,-0.08834487,0.3,0.5367691,-0.090442464,0.2601333,0.010083675,0.0020975918,0.039866716,0.041175667
10.433333333333334,0.5483186,-0.08755175,0.3,0.538314,-0.0900035,0.26012078,0.01000464,0.0024517477,0.039879233,0.04118807
10.466666666666667,0.5497711,-0.08673431,0.3,0.5397553,-0.089062296,0.25974965,0.010015786,0.002327986,0.04025036,0.041543074
10.5,0.5512097,-0.08589277,0.3,0.5412685,-0.08851912,0.25998792,0.009941161,0.002626352,0.04001209,0.04131213
10.533333333333333,0.55263406,-0.085027374,0.3,0.5427159,-0.087722905,0.25957754,0.009918153,0.0026955307,0.04042247,0.041708652
10.566666666666666,0.5540438,-0.084138356,0.3,0.54413205,-0.086743325,0.2594573,0.009911776,0.0026049688,0.04054272,0.041817956
10.6,0.5554386,-0.08322597,0.3,0.5456154,-0.086180255,0.25942782,0.009823203,0.0029542819,0.040572196,0.04184885
10.633333333333333,0.55681795,-0.08229046,0.3,0.54699695,-0.08511746,0.2590639,0.009820998,0.0028269961,0.040936112,0.042192526
10.666666666666666,0.5581815,-0.0813321,0.3,0.54845005,-0.08445124,0.25931725,0.009731472,0.0031191409,0.040682763,0.04194661
10.7,0.55952895,-0.080351144,0.3,0.54982996,-0.083538994,0.2588904,0.009698987,0.0031878501,0.04110962,0.042358395
10.733333333333333,0.5608598,-0.07934787,0.3,0.55118245,-0.08243622,0.2587861,0.0096773505,0.0030883476,0.0412139,0.042447317
10.766666666666666,0.5621738,-0.07832255,0.3,0.55259424,-0.0817534,0.25874105,0.009579539,0.0034308508,0.04125896,0.04249518
10.8,0.5634705,-0.07727548,0.3,0.55390584,-0.08057484,0.25838536,0.009564638,0.003299363,0.04161465,0.042826947
10.833333333333334,0.56474954,-0.076206945,0.3,0.5552885,-0.07979209,0.25865358,0.009461045,0.0035851449,0.04134643,0.042566326
10.866666666666667,0.5660106,-0.07511723,0.3,0.5565913,-0.0787698,0.2582118,0.009419322,0.0036525726,0.04178822,0.042992096
10.9,0.56725335,-0.07400666,0.3,0.5578696,-0.07755059,0.25812262,0.009383738,0.0035439283,0.04187739,0.043061927
10.933333333333334,0.56847745,-0.07287552,0.3,0.55920106,-0.076754004,0.25806314,0.00927639,0.0038784817,0.041936874,0.043125346
10.966666666666667,0.5696825,-0.071724154,0.3,0.5604325,-0.07546718,0.25771728,0.009249985,0.0037430227,0.04228273,0.04344424
11.0,0.57086813,-0.07055285,0.3,0.561736,-0.07457394,0.25800008,0.009132147,0.0040210932,0.041999936,0.04316897
11.033333333333333,0.5720342,-0.069361955,0.3,0.5629524,-0.073448814,0.2575454,0.009081781,0.0040868595,0.0424546,0.043607045
11.066666666666666,0.57318014,-0.068151794,0.3,0.5641469,-0.072120816,0.25746965,0.009033263,0.003969021,0.042530358,0.04365987
11.1,0.57430583,-0.066922694,0.3,0.56538874,-0.07121745,0.25739735,0.008917093,0.004294753,0.04260266,0.043737236
11.133333333333333,0.57541084,-0.06567501,0.3,0.56653064,-0.06982953,0.2570626,0.008880198,0.0041545182,0.042937398,0.044042457
11.166666666666666,0.57649493,-0.064409085,0.3,0.56774634,-0.068833694,0.2573602,0.008748591,0.0044246092,0.04263982,0.043752365
11.2,0.57755774,-0.06312527,0.3,0.568868,-0.06761273,0.2568946,0.008689761,0.0044874623,0.043105423,0.04420098
11.233333333333333,0.578599,-0.061823912,0.3,0.5699692,-0.06618435,0.2568305,0.008629799,0.0043604374,0.0431695,0.044239037
11.266666666666666,0.57961845,-0.060505386,0.3,0.5711137,-0.06518071,0.25674695,0.008504748,0.004675325,0.043253064,0.04432851
11.3,0.58061576,-0.05917005,0.3,0.5721581,-0.063700214,0.25642484,0.008457661,0.0045301653,0.043575168,0.044618938
11.333333333333334,0.5815907,-0.057818282,0.3,0.5732775,-0.06260989,0.256737,0.008313239,0.004791606,0.043263018,0.04431431
11.366666666666667,0.582543,-0.056450453,0.3,0.57429665,-0.061302125,0.25626275,0.008246362,0.004851673,0.043737262,0.044771522
11.4,0.5834724,-0.05506694,0.3,0.5752958,-0.059781715,0.2562084,0.008176565,0.004714776,0.043791622,0.044797227
11.433333333333334,0.5843785,-0.05366813,0.3,0.57633615,-0.058685586,0.2561155,0.0080423355,0.0050174557,0.043884516,0.0448966
11.466666666666667,0.5852612,-0.052254416,0.3,0.57727456,-0.057121858,0.25580752,0.007986665,0.004867442,0.044192493,0.0451714
11.5,0.58612025,-0.05082618,0.3,0.57829034,-0.05594581,0.2561345,0.007829905,0.005119629,0.043865502,0.04485198
11.533333333333333,0.58695537,-0.049383834,0.3,0.5792,-0.05456014,0.2556535,0.007755339,0.005176306,0.04434651,0.04531614
11.566666666666666,0.58776635,-0.047927767,0.3,0.58008975,-0.05295731,0.25560677,0.0076766014,0.0050295442,0.04439324,0.04533196
11.6,0.5885529,-0.046458386,0.3,0.5810185,-0.05177707,0.255506,0.0075343847,0.0053186826,0.044494003,0.045439757
11.633333333333333,0.5893149,-0.0449761,0.3,0.5818445,-0.050139215,0.2552146,0.0074703693,0.0051631145,0.04478541,0.045696795
11.666666666666666,0.59005207,-0.04348132,0.3,0.58275026,-0.04888763,0.2555562,0.0073018074,0.005406309,0.044443816,0.04536295
11.7,0.5907642,-0.041974463,0.3,0.58354384,-0.047433563,0.2550706,0.0072203875,0.0054591,0.044929415,0.045832172
11.733333333333333,0.59145117,-0.04045595,0.3,0.5843169,-0.045757785,0.25502902,0.0071342587,0.005301837,0.04497099,0.045840997
11.766666666666666,0.5921127,-0.03892619,0.3,0.58512855,-0.044502392,0.25492236,0.0069841743,0.005576201,0.04507765,0.04595506
11.8,0.59274864,-0.037385624,0.3,0.58583593,-0.04280051,0.25464928,0.0069127083,0.0054148845,0.04535073,0.046193022
11.833333333333334,0.5933589,-0.03583467,0.3,0.5866257,-0.041483063,0.2550058,0.006733179,0.005648393,0.044994205,0.045844503
11.866666666666667,0.5939431,-0.034273766,0.3,0.5872982,-0.03997054,0.25451776,0.0066449046,0.0056967735,0.045482248,0.046316765
11.9,0.59450126,-0.032703336,0.3,0.5879483,-0.038232464,0.25447884,0.0065529346,0.005529128,0.04552117,0.046321586
11.933333333333334,0.59503317,-0.031123826,0.3,0.5886376,-0.03691133,0.2543683,0.0063955784,0.005787505,0.045631707,0.04643976
11.966666666666667,0.59553874,-0.029535666,0.3,0.5892209,-0.035155658,0.25411558,0.006317854,0.0056199916,0.04588443,0.046657052
12.0,0.59601766,-0.027939305,0.3,0.58989006,-0.03378327,0.25448716,0.006127596,0.0058439635,0.045512855,0.046293836
12.033333333333333,0.59647,-0.026335184,0.3,0.5904369,-0.032223035,0.25399914,0.0060331225,0.005887851,0.046000868,0.046766926
12.066666666666666,0.5968955,-0.024723746,0.3,0.5909588,-0.030432947,0.2539603,0.005936742,0.005709201,0.0460397,0.04677065
12.1,0.5972941,-0.02310544,0.3,0.59152126,-0.02905547,0.25384757,0.005772829,0.00595003,0.046152443,0.046891112
12.133333333333333,0.59766567,-0.021480717,0.3,0.5919765,-0.027257195,0.2536176,0.005689144,0.005776478,0.046382397,0.047085676
12.166666666666666,0.59801006,-0.019850027,0.3,0.5925205,-0.02584096,0.2540043,0.005489588,0.0059909336,0.045995712,0.046707947
12.2,0.5983273,-0.018213822,0.3,0.5929379,-0.024243886,0.25351825,0.0053893924,0.006030064,0.04648176,0.04718009
12.233333333333333,0.5986172,-0.016572557,0.3,0.5933275,-0.022412544,0.25347686,0.005289674,0.0058399867,0.046523154,0.047185697
12.266666666666666,0.5988797,-0.01492669,0.3,0.5937597,-0.020988837,0.25336456,0.0051199794,0.006062147,0.04663545,0.047305696
12.3,0.5991147,-0.013276677,0.3,0.5940833,-0.019158468,0.25315934,0.005031407,0.005881791,0.046840668,0.047475874
12.333333333333334,0.59932226,-0.011622976,0.3,0.59449947,-0.017710496,0.2535615,0.0048227906,0.00608752,0.046438515,0.047083467
12.366666666666667,0.59950215,-0.009966045,0.3,0.5947852,-0.016087232,0.25307912,0.004716933,0.0061211875,0.046920896,0.04755301
12.4,0.59965444,-0.008306346,0.3,0.59503806,-0.014226198,0.25303328,0.0046163797,0.0059198523,0.04696673,0.0475629
12.433333333333334,0.599779,-0.0066443393,0.3,0.595338,-0.01276657,0.2529233,0.004441023,0.0061222306,0.047076702,0.047680397
12.466666666666667,0.5998759,-0.0049804877,0.3,0.5955274,-0.010916126,0.25274473,0.0043485165,0.005935638,0.047255278,0.047824707
12.5,0.599945,-0.0033152527,0.3,0.59581363,-0.009447646,0.25316244,0.0041313767,0.0061323936,0.04683757,0.047417637
12.533333333333333,0.59998643,-0.0016490965,0.3,0.59596586,-0.007809688,0.25268614,0.0040205717,0.0061605913,0.04731387,0.047882356
12.566666666666666,0.6,1.7517757e-05,0.3,0.59608,-0.005929729,0.25263357,0.0039200187,0.0059472467,0.04736644,0.04789902
12.6,0.59998584,0.0016841271,0.3,0.5962452,-0.0044451025,0.2525283,0.0037406087,0.0061292294,0.047471702,0.048011687
12.633333333333333,0.5999439,0.0033502686,0.3,0.5962991,-0.0025862546,0.25237834,0.0036447644,0.005936523,0.047621667,0.04812847
12.666666666666666,0.59987414,0.0050154794,0.3,0.5964541,-0.0011088217,0.252811,0.003420055,0.006124301,0.047188997,0.047707498
12.7,0.5997767,0.006679297,0.3,0.59647214,0.00053293793,0.252343,0.003304541,0.0061463593,0.047657013,0.048165224
12.733333333333333,0.5996515,0.008341259,0.3,0.5964464,0.0024198159,0.25228313,0.0032051206,0.0059214435,0.047716886,0.0481896
12.766666666666666,0.5994986,0.010000904,0.3,0.5964767,0.0039183213,0.25218496,0.0030219555,0.0060825828,0.047815055,0.048295025
12.8,0.59931815,0.011657772,0.3,0.59639454,0.0057740225,0.2520643,0.0029236078,0.005883749,0.047935724,0.048383877
12.833333333333334,0.59911007,0.013311401,0.3,0.5964174,0.007248811,0.25251,0.0026926398,0.00606259,0.04749,0.047951072
12.866666666666667,0.59887445,0.014961332,0.3,0.5963013,0.008883583,0.25205338,0.0025731325,0.0060777487,0.047946632,0.048398755
12.9,0.59861135,0.016607108,0.3,0.5961354,0.010765538,0.25198752,0.002475977,0.00584157,0.048012495,0.048429888
12.933333333333334,0.5983209,0.018248271,0.3,0.5960873,0.012203063,0.2524534,0.0022336245,0.0060452083,0.047546625,0.047981404
12.966666666666667,0.59800315,0.019884363,0.3,0.5958863,0.013827035,0.25192708,0.002116859,0.0060573276,0.048072934,0.04849927
13.0,0.5976581,0.021514934,0.3,0.5956195,0.015743135,0.25175917,0.002038598,0.005771799,0.04824084,0.04862765
13.033333333333333,0.597286,0.023139527,0.3,0.59548765,0.017201712,0.25225198,0.0017983317,0.0059378147,0.04774803,0.048149414
13.066666666666666,0.5968868,0.024757693,0.3,0.5952127,0.018804448,0.2517856,0.0016741157,0.005953245,0.048214406,0.04860939
13.1,0.59646076,0.026368981,0.3,0.5948669,0.020693017,0.25163144,0.0015938878,0.005675964,0.048368573,0.04872654
13.133333333333333,0.5960079,0.027972946,0.3,0.5946531,0.022143355,0.25210485,0.001354754,0.0058295913,0.047895163,0.04826765
13.166666666666666,0.59552836,0.029569138,0.3,0.59429777,0.02373915,0.25165623,0.0012305975,0.005829988,0.048343778,0.04870959
13.2,0.59502226,0.03115712,0.3,0.59387404,0.025601521,0.25153458,0.0011482239,0.005555598,0.04846543,0.048796322
13.233333333333333,0.5944898,0.032736447,0.3,0.59358335,0.027029078,0.2520083,0.00090646744,0.0057073683,0.047991723,0.048338402
13.266666666666666,0.5939311,0.034306675,0.3,0.59314936,0.028606795,0.2515673,0.0007817149,0.0056998804,0.048432708,0.048773218
13.299999999999999,0.5933463,0.035867378,0.3,0.59264463,0.030447315,0.25144878,0.0007016659,0.0054200627,0.04855123,0.04885787
13.333333333333334,0.5927356,0.037418116,0.3,0.59227693,0.031855796,0.25192595,0.00045865774,0.0055623204,0.048074067,0.04839696
13.366666666666667,0.5920991,0.03895846,0.3,0.59176654,0.033409424,0.25150466,0.0003325343,0.005549036,0.048495352,0.048812926
13.4,0.591437,0.040487986,0.3,0.5911828,0.035220716,0.25139317,0.0002541542,0.00526727,0.048606843,0.048892066
13.433333333333334,0.5907495,0.04200626,0.3,0.5907384,0.036606647,0.25186768,1.1086464e-05,0.0053996146,0.04813233,0.048434258
13.466666666666667,0.5900368,0.04351287,0.3,0.590153,0.03813473,0.2514663,-0.00011616945,0.0053781383,0.048533708,0.04883092
13.5,0.58929914,0.04500739,0.3,0.5894925,0.039912056,0.2513666,-0.00019335747,0.005095333,0.048633426,0.048899997
13.533333333333333,0.5885366,0.04648941,0.3,0.588973,0.041270077,0.2518397,-0.0004363656,0.005219333,0.048160315,0.048444275
13.566666666666666,0.58774954,0.04795851,0.3,0.5883138,0.042768586,0.25145626,-0.0005642772,0.0051899254,0.04854375,0.04882366
13.6,0.5869381,0.049414296,0.3,0.5875774,0.044509057,0.25136617,-0.0006393194,0.0049052387,0.048633844,0.04888477
13.633333333333333,0.5861024,0.05085635,0.3,0.58698475,0.045835067,0.25183785,-0.00088232756,0.0050212853,0.048162162,0.048431247
13.666666666666666,0.5852429,0.05228428,0.3,0.5862536,0.047300514,0.2514741,-0.0010106564,0.004983768,0.0485259,0.04879162
13.7,0.5843597,0.053697687,0.3,0.585443,0.04900022,0.25139284,-0.0010833144,0.004697468,0.04860717,0.048845645
13.733333333333333,0.58345306,0.05509618,0.3,0.5847788,0.050291035,0.25186306,-0.0013257265,0.004805144,0.04813695,0.04839435
13.766666666666666,0.5825232,0.056479365,0.3,0.5839773,0.05171942,0.2515195,-0.0014540553,0.004759945,0.04848051,0.048735317
13.799999999999999,0.58157045,0.057846863,0.3,0.5830951,0.053375054,0.25144812,-0.0015246272,0.0044718087,0.048551887,0.048781216
13.833333333333334,0.5805951,0.05919829,0.3,0.58236074,0.054626647,0.2519163,-0.0017656684,0.0045716427,0.048083723,0.04833282
13.866666666666667,0.57959723,0.06053328,0.3,0.5814914,0.056014996,0.2515931,-0.001894176,0.0045182854,0.0484069,0.048654195
13.9,0.57857734,0.06185145,0.3,0.580539,0.057622153,0.25153124,-0.0019616485,0.004229296,0.04846877,0.04869247
13.933333333333334,0.5775356,0.06315244,0.3,0.5797373,0.058831766,0.25199744,-0.0022016764,0.0043206736,0.04800257,0.04824689
13.966666666666667,0.57647234,0.064435884,0.3,0.5788019,0.060176186,0.25169545,-0.0023295283,0.004259698,0.048304558,0.048547935
14.0,0.57538784,0.06570143,0.3,0.5777823,0.061731763,0.25164255,-0.0023944378,0.0039696693,0.048357457,0.048579164
14.033333333333333,0.57428235,0.06694873,0.3,0.57691497,0.06289537,0.25210682,-0.002632618,0.0040533543,0.047893196,0.048136458
14.066666666666666,0.57315624,0.068177424,0.3,0.5759163,0.064192794,0.2518261,-0.0027600527,0.00398463,0.048173904,0.048417147
14.1,0.57200986,0.06938719,0.3,0.57483107,0.06569355,0.2517822,-0.002821207,0.0036936402,0.048217803,0.04844129
14.133333333333333,0.57084346,0.07057767,0.3,0.57390106,0.06680793,0.2522445,-0.003057599,0.0037697405,0.04775551,0.048001546
14.166666666666666,0.5696573,0.07174856,0.3,0.5728413,0.06805512,0.25198528,-0.003183961,0.003693439,0.04801473,0.048261717
14.2,0.5684519,0.07289951,0.3,0.57169384,0.069498084,0.25195044,-0.0032419562,0.0034014285,0.04804957,0.048278786
14.233333333333333,0.5672274,0.07403021,0.3,0.5707031,0.07055967,0.25241035,-0.003475666,0.00347054,0.04758966,0.047842458
14.266666666666666,0.5659843,0.07514035,0.3,0.5695852,0.07175346,0.25217307,-0.0036008954,0.0033868924,0.047826946,0.048081744
14.299999999999999,0.56472284,0.076229624,0.3,0.5683781,0.07313516,0.25214672,-0.0036552548,0.0030944645,0.04785329,0.04809235
14.333333333333334,0.5634434,0.07729771,0.3,0.5673295,0.07414152,0.2526042,-0.0038861036,0.0031561926,0.047395825,0.047659494
14.366666666666667,0.5621463,0.07834433,0.3,0.5661564,0.07527931,0.25238898,-0.0040100813,0.0030650198,0.047611028,0.047877815
14.4,0.560832,0.07936919,0.3,0.56489253,0.07659623,0.25237107,-0.004060507,0.002772957,0.04762894,0.04788207
14.433333333333334,0.55950075,0.080372,0.3,0.5637892,0.077544466,0.25282606,-0.004288435,0.0028275326,0.047173947,0.047452785
14.466666666666667,0.55815303,0.08135248,0.3,0.5625635,0.078622945,0.25263268,-0.0044104457,0.002729535,0.047367334,0.047650464
14.5,0.5567891,0.08231037,0.3,0.56124616,0.079873145,0.252623,-0.0044570565,0.0024372265,0.04737702,0.047648583
14.533333333333333,0.55540943,0.08324539,0.3,0.5600906,0.0807603,0.2530753,-0.00468117,0.002485089,0.04692471,0.04722306
14.566666666666666,0.5540144,0.08415729,0.3,0.55881566,0.081777014,0.2529039,-0.0048012733,0.0023802742,0.047096103,0.04740001
14.6,0.5526043,0.08504581,0.3,0.5574478,0.082957536,0.25290203,-0.0048434734,0.002088271,0.04709798,0.0473924
14.633333333333333,0.5511796,0.0859107,0.3,0.5562436,0.08378083,0.25335133,-0.0050640106,0.0021298677,0.04664868,0.046971053
14.666666666666666,0.5497407,0.08675174,0.3,0.55492264,0.08473337,0.25320184,-0.005181968,0.0020183697,0.04679817,0.047127437
14.7,0.548288,0.08756867,0.3,0.5535075,0.08584215,0.2532073,-0.005219519,0.001726523,0.046792716,0.047114566
14.733333333333333,0.54682183,0.088361286,0.3,0.55225784,0.08659944,0.25365385,-0.005436003,0.0017618462,0.046346158,0.046697114
14.766666666666666,0.5453427,0.08912935,0.3,0.55089384,0.087485485,0.25352594,-0.0055511594,0.0016438663,0.04647407,0.046833284
14.799999999999999,0.54385096,0.08987265,0.3,0.549435,0.08851979,0.25353873,-0.005584061,0.0013528615,0.046461284,0.046815198
14.833333333333334,0.542347,0.090591,0.3,0.548143,0.0892088,0.25398207,-0.0057960153,0.0013822019,0.046017945,0.046402108
14.866666666666667,0.5408313,0.09128418,0.3,0.5467394,0.09002595,0.25387564,-0.005908072,0.0012582317,0.04612437,0.046518233
14.9,0.5393043,0.091951996,0.3,0.5452406,0.09098352,0.25389507,-0.005936265,0.0009684786,0.046104938,0.04649562
14.933333333333334,0.5377664,0.09259428,0.3,0.5439095,0.09160241,0.2543349,-0.006143093,0.0009918734,0.045665115,0.046087135
14.966666666666667,0.5362179,0.09321084,0.3,0.54247016,0.092348345,0.25424975,-0.006252229,0.0008624941,0.04575026,0.046183553
15.0,0.53465945,0.093801506,0.3,0.5409349,0.09322777,0.2542756,-0.006275475,0.0005737394,0.04572442,0.04615662
15.033333333333333,0.53309137,0.09436612,0.3,0.5395688,0.093774274,0.25471196,-0.0064774156,0.0005918443,0.045288056,0.04575276
15.066666666666666,0.53151405,0.09490451,0.3,0.53809714,0.09444784,0.25464752,-0.0065830946,0.0004566759,0.04535249,0.045830056
15.1,0.52992797,0.095416546,0.3,0.53652877,0.0952464,0.25467956,-0.006600797,0.00017014891,0.04532045,0.04579894
15.133333333333333,0.5283336,0.09590208,0.3,0.53510135,0.09578118,0.2548778,-0.00676775,0.00012090057,0.045122206,0.04562708
15.166666666666666,0.5267313,0.096360974,0.3,0.533541,0.09647398,0.25496584,-0.0068097115,-0.000113002956,0.04503417,0.045546256
15.2,0.5251216,0.09679309,0.3,0.5321194,0.09690225,0.25536627,-0.006997764,-0.000109158456,0.044633746,0.04517911
15.233333333333333,0.523505,0.09719833,0.3,0.5305937,0.09746198,0.2553404,-0.007088721,-0.0002636537,0.044659615,0.045219474
15.266666666666666,0.5218818,0.097576566,0.3,0.5289942,0.098095246,0.25543666,-0.007112384,-0.0005186796,0.044563353,0.04513034
15.299999999999999,0.5202526,0.0979277,0.3,0.527538,0.09847885,0.25567323,-0.007285416,-0.0005511567,0.044326782,0.044924878
15.333333333333334,0.5186177,0.09825163,0.3,0.5259345,0.09903957,0.25572652,-0.007316828,-0.00078793615,0.044273496,0.044880945
15.366666666666667,0.5169776,0.09854827,0.3,0.5244573,0.09936845,0.25608417,-0.0074796677,-0.00082018226,0.043915838,0.044555794
15.4,0.5153328,0.09881753,0.3,0.52288854,0.099808894,0.25609705,-0.007555723,-0.0009913668,0.043902963,0.044559423
15.433333333333334,0.5136838,0.09905934,0.3,0.5212655,0.10028048,0.2562368,-0.007581711,-0.0012211353,0.04376322,0.04443189
15.466666666666667,0.51203096,0.099273644,0.3,0.51978457,0.100522585,0.25649777,-0.0077536106,-0.0012489408,0.04350224,0.04420547
15.5,0.5103748,0.09946036,0.3,0.5181484,0.10095137,0.25653344,-0.007773638,-0.0014910102,0.043466568,0.044181388
15.533333333333333,0.50871575,0.099619456,0.3,0.5166307,0.10116672,0.2568658,-0.00791496,-0.0015472621,0.043134212,0.04388167
15.566666666666666,0.50705427,0.09975088,0.3,0.5150333,0.101478085,0.25691053,-0.007979035,-0.0017272085,0.04308948,0.043856032
15.6,0.5053908,0.09985459,0.3,0.51339346,0.10179354,0.25707182,-0.008002639,-0.001938954,0.04292819,0.04371077
15.633333333333333,0.5037259,0.09993057,0.3,0.511894,0.10190045,0.25734887,-0.008168101,-0.0019698814,0.042651147,0.043470893
15.666666666666666,0.5020599,0.09997878,0.3,0.51023686,0.10219246,0.25738367,-0.008176982,-0.0022136793,0.042616338,0.04345015
15.7,0.50039333,0.09999923,0.3,0.50869584,0.10228231,0.2577038,-0.00830251,-0.0022830814,0.0422962,0.043163788
15.733333333333333,0.4987267,0.099991895,0.3,0.50708234,0.10245872,0.25777376,-0.008355647,-0.0024668276,0.042226255,0.043115646
15.766666666666666,0.4970604,0.09995679,0.3,0.50543284,0.102624424,0.2579411,-0.008372456,-0.0026676357,0.042058915,0.04296704
15.799999999999999,0.49539492,0.09989391,0.3,0.5039231,0.10259893,0.25823057,-0.008528203,-0.0027050152,0.041769445,0.0427169
15.833333333333334,0.49373072,0.09980329,0.3,0.5022575,0.10275098,0.25827372,-0.008526802,-0.002947688,0.04172629,0.042690497
15.866666666666667,0.49206826,0.099684946,0.3,0.5007067,0.102707535,0.258587,-0.008638412,-0.0030225888,0.04141301,0.042412207
15.9,0.490408,0.09953891,0.3,0.49908996,0.102746755,0.25867793,-0.008681953,-0.0032078475,0.041322082,0.042345967
15.933333333333334,0.4887504,0.09936522,0.3,0.49743903,0.102766044,0.25884297,-0.008688629,-0.003400825,0.041157037,0.042201415
15.966666666666667,0.48709592,0.099163935,0.3,0.49592865,0.10260966,0.25914228,-0.008832723,-0.0034457222,0.040857732,0.041943345
16.0,0.48544508,0.098935105,0.3,0.49426642,0.10261915,0.25919694,-0.008821338,-0.003684044,0.040803075,0.041907985
16.03333333333333,0.4837983,0.0986788,0.3,0.4927183,0.10244062,0.25950533,-0.008920014,-0.0037618205,0.04049468,0.041635767
16.066666666666666,0.482156,0.09839508,0.3,0.49110925,0.10234141,0.2596141,-0.0089532435,-0.003946334,0.040385902,0.041554242
16.1,0.48051867,0.09808403,0.3,0.4894678,0.10221718,0.2597738,-0.008949131,-0.00413315,0.04022622,0.041416407
16.133333333333333,0.47888672,0.09774574,0.3,0.48796713,0.101930134,0.26008105,-0.00908041,-0.004184395,0.03991896,0.04115199
16.166666666666668,0.47726068,0.0973803,0.3,0.48632,0.101797,0.2601471,-0.00905931,-0.0044166967,0.039852917,0.041107584
16.2,0.47564092,0.096987806,0.3,0.48478574,0.1014832,0.26045012,-0.009144813,-0.004495397,0.039549887,0.04084152
16.233333333333334,0.47402793,0.09656838,0.3,0.48319572,0.10124639,0.26057425,-0.00916779,-0.0046780035,0.03942576,0.040747058
16.266666666666666,0.47242218,0.09612213,0.3,0.48157477,0.10097996,0.26072818,-0.009152591,-0.0048578307,0.03927183,0.040615823
16.3,0.47082406,0.095649175,0.3,0.48009405,0.10056317,0.2610411,-0.009269983,-0.004913993,0.038958907,0.04034695
16.333333333333332,0.46923408,0.09514966,0.3,0.47847313,0.10028874,0.26111713,-0.009239048,-0.0051390827,0.03888288,0.040294524
16.366666666666667,0.46765262,0.09462371,0.3,0.47696367,0.09984148,0.26141372,-0.00931105,-0.0052177757,0.03858629,0.040035266
16.4,0.46608013,0.09407148,0.3,0.47540328,0.09946847,0.26155105,-0.00932315,-0.005396992,0.03844896,0.039929576
16.433333333333334,0.4645171,0.09349312,0.3,0.47381395,0.09906208,0.26169902,-0.009296864,-0.005568959,0.03830099,0.03980466
16.466666666666665,0.46296388,0.092888795,0.3,0.47236374,0.09851721,0.26201558,-0.009399861,-0.0056284145,0.03798443,0.03953294
16.5,0.46142098,0.092258655,0.3,0.47078037,0.09810382,0.2621002,-0.00935939,-0.0058451667,0.037899822,0.039473545
16.53333333333333,0.4598888,0.0916029,0.3,0.46930605,0.09752523,0.26238918,-0.009417266,-0.0059223324,0.03761083,0.039221592
16.566666666666666,0.45836774,0.0909217,0.3,0.46778598,0.097018704,0.26253748,-0.009418249,-0.006097004,0.037462533,0.0391065
16.6,0.45685825,0.09021524,0.3,0.46623915,0.096475475,0.26267928,-0.009380907,-0.006260231,0.037320733,0.03898755
16.633333333333333,0.45536074,0.08948373,0.3,0.4648299,0.09580478,0.2629974,-0.0094691515,-0.00632105,0.037002623,0.038714528
16.666666666666668,0.45387566,0.08872736,0.3,0.4632941,0.09525544,0.26308882,-0.009418428,-0.0065280795,0.03691119,0.03864917
16.7,0.45240337,0.08794635,0.3,0.46186522,0.09454989,0.26336914,-0.00946185,-0.006603539,0.03663087,0.038405128
16.733333333333334,0.45094427,0.0871409,0.3,0.46039575,0.093912855,0.26352596,-0.009451479,-0.006771952,0.03647405,0.03828245
16.766666666666666,0.44949883,0.08631126,0.3,0.4589019,0.09323602,0.2636615,-0.00940308,-0.0069247633,0.036338508,0.038168803
16.8,0.44806743,0.08545764,0.3,0.45754367,0.092442885,0.26397884,-0.009476244,-0.006985247,0.036021173,0.037896145
16.833333333333332,0.44665042,0.08458027,0.3,0.45606664,0.0917621,0.26407543,-0.009416223,-0.0071818307,0.035924584,0.037826177
16.866666666666667,0.44524825,0.08367943,0.3,0.45469287,0.09093347,0.26434615,-0.009444624,-0.0072540417,0.03565386,0.037590154
16.9,0.44386128,0.08275533,0.3,0.45328385,0.09017006,0.2645085,-0.0094225705,-0.007414736,0.035491526,0.037462138
16.933333333333334,0.4424899,0.08180825,0.3,0.45185313,0.08936479,0.2646375,-0.009363234,-0.0075565428,0.035362512,0.03735343
16.966666666666665,0.4411345,0.08083844,0.3,0.45055535,0.08845321,0.26495156,-0.009420842,-0.007614769,0.035048455,0.03708276
17.0,0.43979546,0.07984619,0.3,0.44914666,0.08764557,0.2650516,-0.009351194,-0.0077993795,0.03494841,0.037009005
17.03333333333333,0.43847314,0.078831755,0.3,0.4478378,0.086698905,0.26531154,-0.009364665,-0.00786715,0.034688473,0.036781505
17.066666666666666,0.43716788,0.077795416,0.3,0.44649836,0.085814096,0.2654768,-0.009330481,-0.00801868,0.03452322,0.036649827
17.1,0.4358801,0.07673748,0.3,0.44514072,0.08488632,0.26559886,-0.009260625,-0.008148842,0.03440115,0.036545888
17.133333333333333,0.43461013,0.075658225,0.3,0.44391274,0.083860844,0.2659072,-0.009302616,-0.00820262,0.034092814,0.036278665
17.166666666666668,0.4333583,0.07455795,0.3,0.44258142,0.0829326,0.26600885,-0.0092231035,-0.008374646,0.033991158,0.0362022
17.2,0.43212503,0.07343697,0.3,0.4413463,0.08187324,0.26625705,-0.009221256,-0.00843627,0.033742964,0.03598319
17.233333333333334,0.4309106,0.07229559,0.3,0.440086,0.08087317,0.26642248,-0.00917542,-0.008577578,0.03357753,0.035849877
17.266666666666666,0.4297153,0.07113413,0.3,0.43881002,0.07982895,0.2665366,-0.009094715,-0.00869482,0.03346342,0.03575072
17.3,0.42853957,0.06995291,0.3,0.43766028,0.07869591,0.26683706,-0.009120703,-0.008742996,0.03316295,0.035488147
17.333333333333332,0.4273837,0.06875227,0.3,0.436415,0.07765312,0.2669382,-0.009031296,-0.008900851,0.033061802,0.035410058
17.366666666666667,0.42624798,0.06753252,0.3,0.43526262,0.07648784,0.26717344,-0.009014636,-0.008955322,0.032826573,0.035200074
17.4,0.42513275,0.066294014,0.3,0.4340894,0.07537882,0.2673362,-0.008956641,-0.009084806,0.032663822,0.0350668
17.433333333333334,0.42403832,0.065037094,0.3,0.43290317,0.0742255,0.26744106,-0.00886485,-0.009188406,0.032558948,0.034972813
17.466666666666665,0.422965,0.06376212,0.3,0.43184048,0.0729911,0.2677315,-0.008875489,-0.009228982,0.032268524,0.034716077
17.5,0.42191303,0.062469423,0.3,0.43068907,0.07184184,0.26782954,-0.008776039,-0.009372421,0.032170475,0.034638137
17.53333333333333,0.4208828,0.061159372,0.3,0.42962742,0.070577145,0.268051,-0.008744627,-0.009417772,0.031949013,0.034436934
17.566666666666666,0.41987452,0.059832342,0.3,0.4285486,0.06936619,0.26820797,-0.008674085,-0.009533845,0.031792045,0.034305513
17.6,0.4188885,0.058488693,0.3,0.4274602,0.068112224,0.26830226,-0.008571684,-0.009623531,0.03169775,0.034217443
17.633333333333333,0.41792503,0.057128794,0.3,0.42649162,0.06678341,0.2685806,-0.008566588,-0.009654619,0.031419426,0.033967316
17.666666666666668,0.41698432,0.05575303,0.3,0.42544124,0.06553594,0.2686727,-0.008456916,-0.00978291,0.031327307,0.03389137
17.7,0.4160667,0.05436177,0.3,0.42447785,0.064179465,0.2688793,-0.008411139,-0.009817693,0.031120718,0.033699162
17.733333333333334,0.4151724,0.05295542,0.3,0.42350134,0.06287515,0.26902822,-0.008328944,-0.009919733,0.030971795,0.033571187
17.766666666666666,0.41430163,0.051534362,0.3,0.42251626,0.061528526,0.26910976,-0.008214623,-0.009994164,0.030890256,0.033489868
17.8,0.41345468,0.050098985,0.3,0.42164922,0.060113735,0.2693742,-0.008194536,-0.01001475,0.03062582,0.033247355
17.833333333333332,0.41263175,0.048649695,0.3,0.42070615,0.05877704,0.2694574,-0.008074403,-0.010127347,0.030542612,0.033175446
17.866666666666667,0.4118331,0.04718689,0.3,0.41984743,0.05733641,0.26964808,-0.008014321,-0.01014952,0.030351937,0.032992154
17.9,0.41105896,0.045710977,0.3,0.41897896,0.055947937,0.26978624,-0.007919997,-0.01023696,0.030213773,0.032869343
17.933333333333334,0.41030952,0.044222366,0.3,0.41810387,0.05451898,0.2698528,-0.0077943504,-0.010296613,0.030147225,0.032796755
17.966666666666665,0.40958497,0.042721476,0.3,0.4173447,0.0530258,0.27010214,-0.00775972,-0.010304324,0.029897869,0.03256186
18.0,0.40888554,0.04120872,0.3,0.41651374,0.051609807,0.27017248,-0.0076282024,-0.010401085,0.029827535,0.03249698
18.03333333333333,0.40821144,0.039684515,0.3,0.41576615,0.05009358,0.27034646,-0.00755471,-0.010409065,0.02965355,0.032322675
18.066666666666666,0.40756282,0.03814929,0.3,0.41501167,0.04863072,0.27047154,-0.007448852,-0.010481428,0.029528469,0.03220677
18.1,0.40693986,0.036603466,0.3,0.4142507,0.047129,0.27052015,-0.0073108375,-0.010525536,0.029479861,0.032144945
18.133333333333333,0.40634277,0.03504748,0.3,0.4136051,0.045566984,0.27075395,-0.0072623193,-0.010519505,0.029246062,0.0319176
18.166666666666668,0.4057717,0.033481754,0.3,0.41289076,0.044082504,0.2708077,-0.0071190596,-0.010600749,0.029192299,0.031862944
18.2,0.4052268,0.031906728,0.3,0.41225988,0.042499587,0.27096435,-0.00703308,-0.010592859,0.029035658,0.031697668
18.233333333333334,0.4047082,0.030322839,0.3,0.41162378,0.040972915,0.27107412,-0.0069155693,-0.010650076,0.028925896,0.03159045
18.266666666666666,0.40421608,0.02873053,0.3,0.41098067,0.039409917,0.27110183,-0.0067645907,-0.010679387,0.02889818,0.031542253
18.3,0.4037506,0.027130237,0.3,0.4104545,0.037788346,0.2713201,-0.006703913,-0.01065811,0.028679907,0.031322114
18.333333333333332,0.4033118,0.025522415,0.3,0.40986007,0.036247045,0.27135363,-0.0065482855,-0.01072463,0.02864638,0.031281188
18.366666666666667,0.4028999,0.023907498,0.3,0.40935016,0.034606498,0.27149206,-0.0064502656,-0.010699,0.028507948,0.031125193
18.4,0.40251493,0.022285942,0.3,0.40883642,0.033027086,0.2715853,-0.00632149,-0.010741144,0.028414726,0.031027893
18.433333333333334,0.40215707,0.020658195,0.3,0.40831438,0.031414263,0.2715887,-0.006157309,-0.010756068,0.028411299,0.030996893
18.466666666666665,0.40182638,0.019024713,0.3,0.40791205,0.029742878,0.2717921,-0.006085664,-0.010718165,0.028207898,0.030783111
18.5,0.40152293,0.017385943,0.3,0.4074397,0.028156744,0.2718014,-0.0059167743,-0.010770801,0.0281986,0.03076003
18.53333333333333,0.40124688,0.015742345,0.3,0.40705484,0.026468692,0.27192146,-0.005807966,-0.010726348,0.028078556,0.030613596
18.566666666666666,0.40099823,0.014094375,0.3,0.40666676,0.024848478,0.27199668,-0.005668521,-0.010754103,0.028003335,0.030528177
18.6,0.4007771,0.012442491,0.3,0.40626767,0.02319754,0.27197286,-0.0054905713,-0.010755048,0.028027147,0.030517837
18.633333333333333,0.4005835,0.010787149,0.3,0.4059932,0.021487048,0.27216226,-0.0054096878,-0.010699899,0.027837753,0.030309951
18.666666666666668,0.40041754,0.009128812,0.3,0.40564474,0.019868819,0.2721441,-0.005227208,-0.010740007,0.027855903,0.03030879
18.7,0.40027922,0.0074679386,0.3,0.40538785,0.018143432,0.27224603,-0.0051086247,-0.010675494,0.027753979,0.030171966
18.733333333333334,0.40016863,0.0058049913,0.3,0.40512815,0.016494788,0.27230275,-0.0049595237,-0.010689797,0.027697265,0.030099953
18.766666666666666,0.40008575,0.004140431,0.3,0.40485314,0.014818449,0.27224866,-0.004767388,-0.0106780175,0.027751356,0.030114545
18.8,0.4000306,0.002474721,0.3,0.40470922,0.013079158,0.2724262,-0.004678607,-0.010604437,0.027573824,0.029910855
18.833333333333332,0.40000325,0.00080832344,0.3,0.40448615,0.011442682,0.27237785,-0.004482895,-0.010634358,0.027622163,0.029936096
18.866666666666667,0.40000367,-0.00085829844,0.3,0.40435892,0.009690605,0.27246213,-0.004355252,-0.010548904,0.027537882,0.029809102
18.9,0.40003186,-0.0025246819,0.3,0.40422952,0.008026546,0.2724997,-0.004197657,-0.010551227,0.027500302,0.029752567
18.933333333333334,0.40008783,-0.004190364,0.3,0.4040791,0.0063374327,0.27241358,-0.003991276,-0.010527797,0.02758643,0.029795568
18.966666666666665,0.40017155,-0.0058548823,0.3,0.4040683,0.004580606,0.27258128,-0.003896743,-0.010435488,0.027418733,0.029595116
19.0,0.40028298,-0.007517774,0.3,0.4039707,0.0029390133,0.27250054,-0.0036877096,-0.010456787,0.027499467,0.029650705
19.03333333333333,0.40042213,-0.009178579,0.3,0.40397498,0.0011715426,0.27256843,-0.003552854,-0.010350121,0.027431577,0.029533697
19.066666666666666,0.40058893,-0.010836833,0.3,0.40397614,-0.0004952105,0.27258727,-0.0033872128,-0.010341623,0.027412742,0.029493742
19.1,0.40078333,-0.012492078,0.3,0.40395063,-0.0021839177,0.27246734,-0.0031673014,-0.01030816,0.027532667,0.029569203
19.133333333333333,0.4010053,-0.014143853,0.3,0.40407464,-0.003946769,0.27262786,-0.0030693412,-0.010197084,0.027372152,0.029370667
19.166666666666668,0.40125477,-0.015791697,0.3,0.4041025,-0.0055797724,0.27251363,-0.002847731,-0.010211925,0.027486384,0.029460046
19.2,0.40153164,-0.017435158,0.3,0.40423816,-0.0073518045,0.2725671,-0.0027065277,-0.010083353,0.027432919,0.029352417
19.233333333333334,0.4018359,-0.019073775,0.3,0.40437073,-0.009008147,0.27256742,-0.0025348365,-0.010065628,0.02743259,0.02933069
19.266666666666666,0.4021674,-0.020707093,0.3,0.40446955,-0.010682637,0.2724135,-0.00230214,-0.010024456,0.02758652,0.029441563
19.3,0.40252608,-0.022334661,0.3,0.40472853,-0.012440825,0.27256906,-0.0022024512,-0.009893836,0.027430952,0.029243734
19.333333333333332,0.40291184,-0.023956023,0.3,0.4048816,-0.014051041,0.27242148,-0.0019697547,-0.0099049825,0.027578533,0.029369442
19.366666666666667,0.40332457,-0.025570733,0.3,0.4051484,-0.015815971,0.27246255,-0.0018238127,-0.009754762,0.027537465,0.029271038
19.4,0.40376416,-0.027178338,0.3,0.405412,-0.01744861,0.27244526,-0.00164783,-0.009729728,0.02755475,0.029268537
19.433333333333334,0.40423048,-0.028778398,0.3,0.40563393,-0.019095616,0.27225798,-0.001403451,-0.009682782,0.027742028,0.029416764
19.466666666666665,0.40472338,-0.030370463,0.3,0.40602726,-0.020838263,0.27241182,-0.0013038814,-0.0095322,0.027588189,0.029217651
19.5,0.40524274,-0.03195409,0.3,0.40630487,-0.02241181,0.27223158,-0.001062125,-0.009542281,0.027768433,0.029381441
19.53333333333333,0.40578845,-0.033528842,0.3,0.4067017,-0.024157347,0.27226272,-0.00091326237,-0.009371495,0.02773729,0.029291913
19.566666666666666,0.4063603,-0.03509428,0.3,0.40709463,-0.025754018,0.2722289,-0.0007343292,-0.009340262,0.027771115,0.02930895
19.6,0.40695816,-0.036649972,0.3,0.40743816,-0.027360816,0.2720097,-0.0004799962,-0.009289157,0.027990311,0.029495362
19.633333333333333,0.4075819,-0.038195487,0.3,0.4079648,-0.029076235,0.27216437,-0.00038290024,-0.009119252,0.027835637,0.029293858
19.666666666666668,0.4082313,-0.039730385,0.3,0.40836534,-0.030600136,0.27195323,-0.00013405085,-0.009130249,0.028046787,0.02949579
19.7,0.40890616,-0.041254252,0.3,0.40888956,-0.03231475,0.27197713,1.6599894e-05,-0.008939501,0.028022885,0.029414233
19.733333333333334,0.40960634,-0.04276666,0.3,0.4094106,-0.033862893,0.27192813,0.00019574165,-0.008903768,0.02807188,0.029450735
19.766666666666666,0.41033164,-0.04426719,0.3,0.40987366,-0.035416327,0.27167934,0.0004579723,-0.008850861,0.02832067,0.029675039
19.8,0.41108182,-0.045755424,0.3,0.4105308,-0.037094057,0.27183712,0.00055101514,-0.008661367,0.028162897,0.029469844
19.833333333333332,0.4118567,-0.047230944,0.3,0.41105238,-0.038555454,0.27159765,0.0008043349,-0.00867549,0.028402358,0.029708669
19.866666666666667,0.4126561,-0.048693348,0.3,0.41170084,-0.040226955,0.27161688,0.00095525384,-0.008466393,0.028383136,0.029634349
19.9,0.41347972,-0.05014223,0.3,0.41234714,-0.04171565,0.2715537,0.0011325777,-0.008426577,0.028446317,0.029689778
19.933333333333334,0.41432738,-0.05157718,0.3,0.4129271,-0.043202866,0.2712791,0.0014002919,-0.008374315,0.028720915,0.029949639
19.966666666666665,0.41519886,-0.052997805,0.3,0.4137115,-0.044832066,0.27144137,0.0014873743,-0.0081657395,0.028558642,0.029740335
20.0,0.4160939,-0.05440371,0.3,0.41435155,-0.046218734,0.2711764,0.0017423332,-0.008184977,0.028823614,0.030013835
20.03333333333333,0.4170122,-0.055794504,0.3,0.4151205,-0.047835648,0.27119368,0.0018917024,-0.0079588555,0.028806329,0.029945392
20.066666666666666,0.41795358,-0.057169802,0.3,0.41588813,-0.049253464,0.27111787,0.00206545,-0.007916339,0.028882146,0.030018542
20.1,0.41891775,-0.058529217,0.3,0.41658273,-0.050662767,0.2708215,0.002335012,-0.00786645,0.0291785,0.030310364
20.133333333333333,0.41990444,-0.059872378,0.3,0.4174891,-0.052233037,0.27098885,0.0024153292,-0.007639341,0.02901116,0.030097188
20.166666666666668,0.42091337,-0.0611989,0.3,0.41824436,-0.053533554,0.27070147,0.0026690066,-0.0076653473,0.029298544,0.03040207
20.2,0.42194426,-0.062508434,0.3,0.4191289,-0.055085182,0.27071956,0.0028153658,-0.007423252,0.029280454,0.030337699
20.233333333333334,0.42299685,-0.0638006,0.3,0.42001408,-0.056422412,0.27063155,0.0029827654,-0.0073781908,0.02936846,0.030427637
20.266666666666666,0.42407084,-0.06507505,0.3,0.4208189,-0.05774228,0.27031803,0.00325194,-0.0073327683,0.02968198,0.030746782
20.3,0.4251659,-0.06633142,0.3,0.42184153,-0.0592432,0.2704902,0.0033243597,-0.007088218,0.029509813,0.030530693
20.333333333333332,0.42628175,-0.06756937,0.3,0.42270806,-0.060447987,0.2701833,0.003573686,-0.0071213804,0.029816717,0.030862954
20.366666666666667,0.42741805,-0.06878854,0.3,0.42370284,-0.061923455,0.27020517,0.003715217,-0.006865088,0.029794842,0.030800404
20.4,0.42857456,-0.069988616,0.3,0.42470002,-0.06317034,0.2701053,0.0038745403,-0.006818272,0.02989471,0.03090622
20.433333333333334,0.42975086,-0.07116925,0.3,0.42561096,-0.06439093,0.26977932,0.0041399,-0.006778322,0.030220687,0.03124699
20.466666666666665,0.4309467,-0.07233011,0.3,0.42674288,-0.065813035,0.26995534,0.004203826,-0.006517075,0.030044675,0.031029452
20.5,0.43216172,-0.07347088,0.3,0.42771536,-0.06691248,0.26963127,0.0044463575,-0.0065584034,0.030368745,0.031385403
20.53333333333333,0.4333956,-0.07459124,0.3,0.42881423,-0.06830199,0.26965982,0.004581362,-0.006289251,0.030340195,0.031322055
20.566666666666666,0.43464795,-0.07569089,0.3,0.4299166,-0.0694502,0.26954758,0.004731357,-0.0062406883,0.03045243,0.03144332
20.6,0.43591845,-0.076769516,0.3,0.4309288,-0.07056195,0.26921454,0.004989654,-0.006207563,0.030785471,0.03179899
20.633333333333333,0.43720677,-0.07782681,0.3,0.4321624,-0.07189554,0.26939237,0.005044371,-0.005931273,0.03060764,0.031582486
20.666666666666668,0.43851253,-0.07886249,0.3,0.43323502,-0.072881535,0.26905426,0.0052775145,-0.0059809536,0.030945748,0.03195721
20.7,0.43983537,-0.07987627,0.3,0.43443093,-0.07417621,0.26909167,0.0054044425,-0.0057000592,0.030908346,0.03189082
20.733333333333334,0.44117492,-0.08086786,0.3,0.4356309,-0.075217515,0.26896614,0.0055440366,-0.0056503415,0.031033874,0.03202755
20.766666666666666,0.4425308,-0.08183698,0.3,0.436738,-0.07621228,0.2686307,0.0057927966,-0.005624704,0.0313693,0.032391768
20.8,0.44390264,-0.08278338,0.3,0.43806466,-0.07744897,0.26880777,0.005837977,-0.005334407,0.031192243,0.03217909
20.833333333333332,0.4452901,-0.08370678,0.3,0.4392303,-0.07831467,0.268458,0.0060597956,-0.005392112,0.031542003,0.032568295
20.866666666666667,0.4466927,-0.08460693,0.3,0.44051623,-0.07950532,0.26850644,0.0061764717,-0.0051016137,0.031493574,0.032496467
20.9,0.44811013,-0.08548357,0.3,0.44180542,-0.08043344,0.26836658,0.006304711,-0.00505013,0.031633437,0.032648545
20.933333333333334,0.449542,-0.086336486,0.3,0.443001,-0.081303306,0.2680331,0.006540984,-0.00503318,0.031966925,0.033015173
20.966666666666665,0.45098785,-0.08716541,0.3,0.44441104,-0.082435034,0.2682066,0.0065768063,-0.0047303736,0.031793416,0.03280933
21.0,0.45244732,-0.08797012,0.3,0.44566223,-0.08317436,0.267847,0.0067850947,-0.00479576,0.03215301,0.033209227
21.03333333333333,0.45392,-0.0887504,0.3,0.4470291,-0.08425419,0.26790822,0.006890893,-0.0044962093,0.032091796,0.0331298
21.066666666666666,0.45540547,-0.08950602,0.3,0.44839853,-0.08506292,0.26775265,0.007006943,-0.0044431016,0.032247365,0.03329761
21.1,0.45690334,-0.09023679,0.3,0.4496749,-0.08580209,0.2674245,0.007228434,-0.0044346973,0.032575518,0.033661272
21.133333333333333,0.45841318,-0.090942495,0.3,0.45115817,-0.086821534,0.2675917,0.0072550178,-0.004120961,0.032408297,0.033465136
21.166666666666668,0.4599346,-0.091622934,0.3,0.45248604,-0.0874292,0.2672248,0.007448554,-0.0041937307,0.032775223,0.033871576
21.2,0.4614671,-0.09227793,0.3,0.4539252,-0.0883914,0.26729998,0.007541895,-0.0038865283,0.032700032,0.0337828
21.233333333333334,0.4630103,-0.09290729,0.3,0.45536482,-0.08907546,0.2671268,0.007645488,-0.0038318262,0.032873213,0.033967406
21.266666666666666,0.46456382,-0.09351084,0.3,0.45671332,-0.08967847,0.26680744,0.007850498,-0.00383237,0.033192575,0.034322944
21.3,0.46612716,-0.09408842,0.3,0.45825943,-0.09057953,0.2669657,0.007867724,-0.0035088882,0.033034325,0.034139127
21.333333333333332,0.46769992,-0.09463986,0.3,0.45965487,-0.091051616,0.2665931,0.0080450475,-0.0035882443,0.033406913,0.034548808
21.366666666666667,0.4692816,-0.09516502,0.3,0.46115613,-0.0918899,0.26668292,0.008125484,-0.0032751188,0.03331709,0.03444965
21.4,0.47087187,-0.09566375,0.3,0.4626551,-0.09244532,0.26649037,0.0082167685,-0.0032184273,0.033509642,0.034652125
21.433333333333334,0.47247022,-0.0961359,0.3,0.46406657,-0.09290802,0.26618284,0.008403659,-0.003227882,0.033817172,0.03499488
21.466666666666665,0.4740762,-0.096581355,0.3,0.4656649,-0.09368552,0.26632965,0.008411318,-0.002895832,0.033670366,0.034825705
21.5,0.4756894,-0.09699997,0.3,0.46711722,-0.094018854,0.26595283,0.008572191,-0.0029811189,0.034047186,0.035236068
21.53333333333333,0.47730935,-0.09739166,0.3,0.46867064,-0.09472788,0.2660575,0.00863871,-0.0026637763,0.03394252,0.03512574
21.566666666666666,0.4789356,-0.09775628,0.3,0.47021827,-0.095151156,0.2658442,0.008717328,-0.0026051253,0.034155816,0.03534683
21.6,0.4805677,-0.098093756,0.3,0.47168234,-0.095470995,0.26555073,0.008885354,-0.0026227608,0.03444928,0.035673257
21.633333333333333,0.48220518,-0.09840398,0.3,0.47332174,-0.09612063,0.26568395,0.008883446,-0.0022833496,0.034316063,0.035520718
21.666666666666668,0.48384762,-0.09868688,0.3,0.4748206,-0.096312545,0.26530427,0.009027004,-0.0023743361,0.034695745,0.035929363
21.7,0.48549452,-0.09894236,0.3,0.47641566,-0.09688836,0.265424,0.00907886,-0.0020539984,0.034576,0.035807043
21.733333333333334,0.48714548,-0.09917037,0.3,0.4780003,-0.09717682,0.26518902,0.00914517,-0.0019935519,0.03481099,0.036047377
21.766666666666666,0.48880002,-0.09937082,0.3,0.4795065,-0.097351216,0.26491144,0.009293526,-0.0020196065,0.03508857,0.036354586
21.8,0.49045765,-0.09954368,0.3,0.48117515,-0.09787009,0.2650294,0.0092825,-0.0016735941,0.03497061,0.03622029
21.833333333333332,0.49211794,-0.09968888,0.3,0.4827096,-0.09791919,0.26464754,0.009408355,-0.0017696917,0.03535247,0.036625758
21.866666666666667,0.4937804,-0.0998064,0.3,0.48433515,-0.098358564,0.2647824,0.00944525,-0.0014478341,0.035217613,0.036490947
21.9,0.4954446,-0.099896185,0.3,0.48594505,-0.098510824,0.26452482,0.00949955,-0.001385361,0.035475194,0.036751192
21.933333333333334,0.49711007,-0.09995823,0.3,0.4874824,-0.09853857,0.26426488,0.00962767,-0.0014196634,0.03573513,0.037036564
21.966666666666665,0.49877635,-0.09999251,0.3,0.48916894,-0.0989243,0.2643659,0.0096074045,-0.0010682121,0.0356341,0.036921978
22.0,0.5004429,-0.09999902,0.3,0.4907273,-0.09882998,0.26398295,0.009715617,-0.0011690408,0.03601706,0.03732276
22.03333333333333,0.5021094,-0.099977754,0.3,0.49237198,-0.09913072,0.26413253,0.009737432,-0.00084703416,0.035867482,0.037175413
22.066666666666666,0.50377536,-0.09992871,0.3,0.49399555,-0.09914641,0.2638523,0.009779811,-0.00078229606,0.036147714,0.03745549
22.1,0.5054402,-0.099851914,0.3,0.49555206,-0.0990274,0.26361087,0.009888113,-0.00082451105,0.036389142,0.037717693
22.133333333333333,0.5071035,-0.09974738,0.3,0.49724543,-0.099277735,0.26369387,0.009858072,-0.00046964735,0.036306143,0.037623636
22.166666666666668,0.5087649,-0.09961515,0.3,0.49881533,-0.09904096,0.26331088,0.009949595,-0.00057418644,0.036689132,0.038018636
22.2,0.51042384,-0.09945524,0.3,0.50046813,-0.09920209,0.26347536,0.009955704,-0.00025314838,0.036524653,0.03785803
22.233333333333334,0.5120799,-0.09926771,0.3,0.50209343,-0.099080995,0.26317212,0.00998646,-0.00018671155,0.036827892,0.038158327
22.266666666666666,0.51373255,-0.0990526,0.3,0.50365806,-0.098815784,0.2629501,0.010074496,-0.0002368167,0.03704992,0.038395938
22.3,0.5153814,-0.09880998,0.3,0.505346,-0.09893036,0.26301438,0.010035396,0.00012037903,0.036985636,0.03832311
22.333333333333332,0.517026,-0.09853991,0.3,0.50691617,-0.09855181,0.26263213,0.010109842,1.1898577e-05,0.03736788,0.038711336
22.366666666666667,0.5186659,-0.098242484,0.3,0.5085656,-0.09857369,0.26281154,0.010100305,0.0003312081,0.03718847,0.0385371
22.4,0.52030057,-0.09791776,0.3,0.5101802,-0.098316975,0.26248556,0.010120392,0.000399217,0.03751445,0.03885763
22.433333333333334,0.5219296,-0.09756584,0.3,0.5117409,-0.097907014,0.26228303,0.010188699,0.000341177,0.037716985,0.03907041
22.466666666666665,0.52355254,-0.09718682,0.3,0.5134124,-0.097886115,0.26232845,0.010140121,0.0006992966,0.037671566,0.039018687
22.5,0.52516896,-0.0967808,0.3,0.5149705,-0.097368054,0.261948,0.010198474,0.00058725476,0.038052022,0.039399367
22.53333333333333,0.5267784,-0.096347906,0.3,0.5166051,-0.09725131,0.26214224,0.010173321,0.00090340525,0.03785777,0.039211266
22.566666666666666,0.5283804,-0.09588825,0.3,0.5181982,-0.096860915,0.26179436,0.010182202,0.00097266585,0.038205653,0.039551172
22.6,0.52997446,-0.09540195,0.3,0.5197429,-0.09630876,0.26161134,0.0102315545,0.00090681016,0.03838867,0.03973911
22.633333333333333,0.53156024,-0.09488916,0.3,0.52138674,-0.096154,0.2616376,0.0101735,0.0012648404,0.038362414,0.03970862
22.666666666666668,0.53313726,-0.09435,0.3,0.5229212,-0.095499195,0.26126018,0.010216057,0.0011491925,0.03873983,0.040080704
22.7,0.53470504,-0.09378465,0.3,0.52452964,-0.095246345,0.26146913,0.010175407,0.0014616922,0.038530886,0.039878625
22.733333333333334,0.5362632,-0.09319325,0.3,0.52608943,-0.09472506,0.26110014,0.010173798,0.0015318096,0.03889987,0.04023745
22.766666666666666,0.5378113,-0.09257595,0.3,0.5276065,-0.09403385,0.26093626,0.010204792,0.0014578998,0.03906375,0.04040099
22.8,0.5393489,-0.091932945,0.3,0.5292113,-0.09374725,0.26094392,0.010137618,0.0018143058,0.039056093,0.040391102
22.833333333333332,0.54087555,-0.091264404,0.3,0.5307105,-0.09295949,0.26057056,0.010165036,0.001695089,0.039429456,0.040753935
22.866666666666667,0.5423908,-0.09057051,0.3,0.53228194,-0.0925734,0.26079395,0.010108888,0.0020028874,0.039206058,0.040537834
22.9,0.54389435,-0.08985146,0.3,0.5337973,-0.091924824,0.26040512,0.010097027,0.0020733625,0.03959489,0.040914595
22.933333333333334,0.5453857,-0.089107454,0.3,0.5352751,-0.091098696,0.26026005,0.010110617,0.0019912422,0.039739966,0.041054286
22.966666666666665,0.54686445,-0.088338695,0.3,0.5368306,-0.09068296,0.26024988,0.010033846,0.0023442656,0.03975013,0.04106393
23.0,0.5483301,-0.0875454,0.3,0.53828275,-0.089767165,0.25988138,0.010047376,0.0022217631,0.040118635,0.04141728
23.03333333333333,0.54978245,-0.08672779,0.3,0.53980684,-0.089251466,0.26011938,0.009975612,0.0025236756,0.039880633,0.04118673
23.066666666666666,0.5512209,-0.08588609,0.3,0.54126674,-0.08848025,0.2597121,0.0099541545,0.002594158,0.040287912,0.041580413
23.1,0.55264515,-0.085020535,0.3,0.5426942,-0.08752417,0.259585,0.009950936,0.0025036335,0.04041502,0.04169728
23.133333333333333,0.55405474,-0.08413136,0.3,0.54419,-0.08698392,0.2595578,0.0098647475,0.002852559,0.0404422,0.041725554
23.166666666666668,0.5554493,-0.08321883,0.3,0.54558426,-0.08594506,0.25919577,0.009865046,0.0027262345,0.040804237,0.042068243
23.2,0.5568285,-0.08228316,0.3,0.5470501,-0.08530488,0.25944856,0.00977838,0.003021717,0.040551454,0.041823056
23.233333333333334,0.55819196,-0.08132466,0.3,0.54844445,-0.08441621,0.25902426,0.009747505,0.0030915514,0.04097575,0.042232495
23.266666666666666,0.5595392,-0.08034355,0.3,0.5498103,-0.08333575,0.25891393,0.009728909,0.0029921979,0.041086078,0.04232813
23.3,0.5608699,-0.07934014,0.3,0.5512367,-0.082675464,0.25887102,0.0096331835,0.003335327,0.041128993,0.042373538
23.333333333333332,0.5621837,-0.078314684,0.3,0.5525629,-0.0815196,0.25851658,0.009620786,0.003204912,0.041483432,0.042704873
23.366666666666667,0.5634802,-0.077267475,0.3,0.5539607,-0.08076111,0.25878385,0.009519517,0.0034936368,0.041216165,0.042445246
23.4,0.56475914,-0.07619881,0.3,0.5552799,-0.07976083,0.2583443,0.009479225,0.0035620183,0.04165572,0.042868897
23.433333333333334,0.56602,-0.07510897,0.3,0.55657315,-0.07856335,0.25824943,0.009446859,0.0034543797,0.04175058,0.04294516
23.466666666666665,0.5672626,-0.07399827,0.3,0.557921,-0.0777879,0.25819224,0.009341598,0.003789626,0.04180777,0.043006003
23.5,0.56848645,-0.07286703,0.3,0.55916905,-0.0765223,0.25784647,0.009317398,0.0036552697,0.042153537,0.04332546
23.53333333333333,0.56969136,-0.071715534,0.3,0.5604894,-0.075651705,0.25812852,0.009201944,0.0039361715,0.041871488,0.043051023
23.566666666666666,0.57087684,-0.070544116,0.3,0.56172377,-0.07454721,0.2576756,0.009153068,0.0040030926,0.042324424,0.043487474
23.6,0.57204264,-0.06935312,0.3,0.5629351,-0.07323912,0.25759482,0.00910753,0.0038859993,0.042405188,0.04354593
23.633333333333333,0.5731885,-0.068142846,0.3,0.5641956,-0.0723554,0.25752437,0.00899291,0.004212551,0.04247564,0.043621074
23.666666666666668,0.57431394,-0.06691365,0.3,0.56535584,-0.070987165,0.2571894,0.008958101,0.0040735155,0.04281062,0.043927103
23.7,0.5754188,-0.06566586,0.3,0.56658983,-0.07001205,0.25748587,0.008828938,0.0043461844,0.042514145,0.043638196
23.733333333333334,0.5765027,-0.064399846,0.3,0.5677309,-0.068810746,0.25702184,0.008771777,0.0044109,0.042978168,0.044085406
23.766666666666666,0.5775653,-0.06311593,0.3,0.56885105,-0.06740053,0.25695324,0.008714259,0.004284598,0.043046772,0.044128455
23.8,0.5786064,-0.061814494,0.3,0.57001555,-0.066415176,0.25687122,0.008590877,0.0046006814,0.04312879,0.04421608
23.833333333333332,0.57962567,-0.06049588,0.3,0.57108,-0.06495272,0.25654855,0.008545637,0.004456844,0.04345146,0.044507533
23.866666666666667,0.5806228,-0.059160467,0.3,0.5722192,-0.0638816,0.25685948,0.008403599,0.004721131,0.04314053,0.04420424
23.9,0.58159757,-0.05780862,0.3,0.57325923,-0.06259115,0.2563862,0.008338332,0.0047825314,0.04361382,0.04466056
23.933333333333334,0.5825497,-0.05644071,0.3,0.5742793,-0.06108759,0.25632793,0.008270383,0.0046468787,0.043672085,0.04469053
23.966666666666665,0.5834788,-0.055057134,0.3,0.57534045,-0.060008474,0.25623602,0.008138359,0.004951339,0.043763995,0.04478879
24.0,0.5843848,-0.05365826,0.3,0.57630086,-0.058460664,0.25592738,0.00808394,0.004802406,0.044072628,0.045064505
24.03333333333333,0.5852673,-0.05224448,0.3,0.57733804,-0.05730175,0.25625303,0.0079292655,0.005057268,0.043746978,0.044746477
24.066666666666666,0.58612615,-0.05081619,0.3,0.57826966,-0.055931855,0.2557725,0.007856488,0.0051156655,0.04422751,0.045210253
24.1,0.5869611,-0.049373783,0.3,0.57918143,-0.05434377,0.25572217,0.007779658,0.004969988,0.044277847,0.045229986
24.133333333333333,0.58777183,-0.047917664,0.3,0.5801328,-0.053178497,0.25562224,0.0076390505,0.0052608326,0.044377774,0.04533672
24.166666666666668,0.58855826,-0.046448234,0.3,0.5809818,-0.051554814,0.25532943,0.0075764656,0.0051065795,0.04467058,0.045595404
24.2,0.58932,-0.044965904,0.3,0.58191013,-0.050318174,0.25566995,0.0074098706,0.00535227,0.04433006,0.045262646
24.233333333333334,0.590057,-0.043471083,0.3,0.5827272,-0.048877645,0.25518435,0.0073298216,0.0054065622,0.04481566,0.04573183
24.266666666666666,0.590769,-0.04196419,0.3,0.5835237,-0.047214795,0.25513956,0.007245302,0.0052506067,0.044860452,0.04574411
24.3,0.5914557,-0.040445637,0.3,0.5843588,-0.045972943,0.25503337,0.0070968866,0.0055273063,0.044966638,0.04585756
24.333333333333332,0.5921171,-0.038915854,0.3,0.58509046,-0.044282887,0.25475866,0.0070266128,0.005367033,0.045241356,0.04609727
24.366666666666667,0.5927528,-0.037375256,0.3,0.5859039,-0.04297883,0.25511387,0.0068489313,0.005603574,0.044886142,0.045750123
24.4,0.59336287,-0.03582428,0.3,0.58660066,-0.04147798,0.25462562,0.0067622066,0.005653698,0.045374393,0.046222582
24.433333333333334,0.59394693,-0.034263354,0.3,0.58727545,-0.039750718,0.254584,0.0066714883,0.005487364,0.045415998,0.046230216
24.466666666666665,0.5945049,-0.03269291,0.3,0.58798915,-0.03844076,0.2544731,0.0065157413,0.005747851,0.04552692,0.046348605
24.5,0.5950366,-0.031113386,0.3,0.58859783,-0.036695097,0.25421852,0.0064387918,0.0055817105,0.045781493,0.046567786
24.53333333333333,0.59554195,-0.029525219,0.3,0.5892912,-0.03533395,0.2545891,0.006250739,0.0058087315,0.0454109,0.046205662
24.566666666666666,0.5960207,-0.02792885,0.3,0.58986354,-0.0337833,0.2540998,0.00615716,0.005854452,0.045900226,0.04667993
24.6,0.59647286,-0.026324725,0.3,0.590411,-0.032001734,0.2540586,0.006061852,0.005677009,0.045941412,0.046686053
24.633333333333333,0.59689814,-0.024713289,0.3,0.5909988,-0.030633666,0.25394553,0.00589931,0.0059203766,0.046054482,0.04680671
24.666666666666668,0.5972966,-0.023094987,0.3,0.5914798,-0.028842798,0.25371337,0.0058168173,0.00574781,0.046286643,0.047003467
24.7,0.59766793,-0.02147027,0.3,0.5920494,-0.02743587,0.25409907,0.0056185126,0.0059656017,0.04590094,0.046626735
24.733333333333334,0.5980122,-0.019839589,0.3,0.59249294,-0.025845826,0.25361136,0.005519271,0.006006237,0.046388656,0.04710037
24.766666666666666,0.59832925,-0.018203398,0.3,0.59290856,-0.024020918,0.25356805,0.005420685,0.0058175195,0.04643196,0.047107898
24.8,0.5986189,-0.016562149,0.3,0.59336686,-0.022604747,0.2534547,0.0052520633,0.006042598,0.046545327,0.047228854
24.833333333333332,0.59888124,-0.014916301,0.3,0.5937168,-0.020780075,0.25324684,0.0051644444,0.0058637746,0.046753168,0.047401626
24.866666666666667,0.5991161,-0.01326631,0.3,0.594159,-0.019338721,0.25364828,0.00495708,0.0060724113,0.04635173,0.04700989
24.9,0.59932345,-0.011612633,0.3,0.594471,-0.017720535,0.25316375,0.0048524737,0.006107902,0.046836257,0.047481447
24.933333333333334,0.59950316,-0.009955731,0.3,0.59475124,-0.015863745,0.25311592,0.0047519207,0.0059080133,0.04688409,0.04749319
24.966666666666665,0.5996553,-0.008296064,0.3,0.5950773,-0.01440932,0.25300446,0.0045779943,0.0061132563,0.04699555,0.047612093
25.0,0.5997797,-0.006634093,0.3,0.59529346,-0.012562128,0.2528234,0.004486263,0.005928035,0.0471766,0.047758766
25.03333333333333,0.5998764,-0.0049702786,0.3,0.59560573,-0.011097999,0.25324014,0.004270673,0.0061277207,0.046759874,0.04735265
25.066666666666666,0.59994537,-0.003305084,0.3,0.5957849,-0.009462786,0.25276124,0.004160464,0.006157702,0.047238767,0.04781974
25.1,0.59998655,-0.0016389713,0.3,0.5959264,-0.007584922,0.252707,0.004060149,0.0059459507,0.047293007,0.047837928
25.133333333333333,0.6,2.7596505e-05,0.3,0.5961185,-0.006103428,0.25259992,0.003881514,0.0061310246,0.047400087,0.04795231
25.166666666666668,0.59998566,0.0016941568,0.3,0.59619963,-0.0042451136,0.2524471,0.0037860274,0.0059392704,0.047552913,0.0480717
25.2,0.5999435,0.0033602463,0.3,0.59638065,-0.0027699182,0.2528792,0.0035628676,0.0061301645,0.04712081,0.047651272
25.233333333333334,0.59987366,0.0050254026,0.3,0.5964254,-0.0011289592,0.25240797,0.003448248,0.006154362,0.047592044,0.04811205
25.266666666666666,0.599776,0.006689163,0.3,0.5964272,0.000758467,0.25234622,0.0033488274,0.0059306957,0.047653794,0.048138052
25.3,0.5996507,0.008351065,0.3,0.5964842,0.002256157,0.25224572,0.0031664968,0.0060949083,0.047754288,0.04824569
25.333333333333332,0.5994977,0.010010648,0.3,0.5964293,0.004113782,0.2521224,0.0030683875,0.0058968654,0.04787761,0.048336875
25.366666666666667,0.599317,0.01166745,0.3,0.59647894,0.0055883937,0.25256822,0.0028380752,0.0060790563,0.047431797,0.047903914
25.4,0.59910876,0.013321011,0.3,0.59638923,0.007224066,0.25210765,0.0027195215,0.006096945,0.047892362,0.04835542
25.433333333333334,0.598873,0.014970872,0.3,0.59625113,0.0091092605,0.25203934,0.002621889,0.005861611,0.04796067,0.04838862
25.466666666666665,0.5986098,0.016616575,0.3,0.5962292,0.010548145,0.2525051,0.0023806095,0.006068431,0.047494918,0.047940176
25.5,0.5983192,0.018257663,0.3,0.5960545,0.012175059,0.25197405,0.0022646785,0.0060826037,0.048025966,0.048462566
25.53333333333333,0.59800124,0.01989368,0.3,0.59581554,0.014095484,0.25180364,0.0021857023,0.0057981955,0.048196375,0.048593074
25.566666666666666,0.5976561,0.021524169,0.3,0.5957099,0.015556884,0.2522967,0.0019461513,0.0059672846,0.047703326,0.04811448
25.6,0.5972838,0.023148682,0.3,0.5954613,0.017163713,0.25182542,0.0018224716,0.0059849694,0.04817459,0.048579134
25.633333333333333,0.5968845,0.024766764,0.3,0.59514225,0.019057646,0.25166816,0.0017422438,0.0057091173,0.048331857,0.048699055
25.666666666666668,0.5964583,0.026377967,0.3,0.59495527,0.020512812,0.25214207,0.0015030503,0.005865155,0.04785794,0.04823942
25.7,0.5960053,0.027981846,0.3,0.59462535,0.022113351,0.25168815,0.0013799667,0.0058684945,0.04831186,0.04868654
25.733333333333334,0.5955256,0.029577946,0.3,0.5942284,0.023982879,0.2515637,0.0012972355,0.0055950675,0.048436314,0.04877565
25.766666666666666,0.5950194,0.031165836,0.3,0.59396404,0.025416164,0.25203764,0.0010553598,0.0057496727,0.047962368,0.0483173
25.8,0.59448683,0.032745067,0.3,0.5935556,0.027000224,0.25159112,0.00093120337,0.005744843,0.048408896,0.048757475
25.833333333333332,0.593928,0.034315202,0.3,0.5930771,0.028849237,0.2514699,0.0008508563,0.0054659657,0.0485301,0.04884436
25.866666666666667,0.5933431,0.03587581,0.3,0.59273493,0.030264953,0.2519474,0.0006081462,0.0056108553,0.04805261,0.048382897
25.9,0.5927322,0.037426446,0.3,0.5922503,0.031826314,0.2515205,0.00048190355,0.005600132,0.048479497,0.048804257
25.933333333333334,0.5920956,0.03896669,0.3,0.5916923,0.033647336,0.25140578,0.00040328503,0.005319353,0.048594236,0.048886172
25.966666666666665,0.5914334,0.040496107,0.3,0.5912731,0.035041716,0.25188106,0.00016027689,0.0054543912,0.04811895,0.048427362
26.0,0.5907458,0.042014282,0.3,0.5907127,0.036578998,0.25147378,3.3080578e-05,0.005435284,0.048526227,0.048829686
26.03333333333333,0.590033,0.043520786,0.3,0.59007734,0.038367573,0.25137118,-4.4345856e-05,0.0051532127,0.048628837,0.048901137
26.066666666666666,0.5892952,0.045015197,0.3,0.58958274,0.039734617,0.25184447,-0.0002875328,0.0052805804,0.048155546,0.04844506
26.099999999999998,0.58853257,0.046497107,0.3,0.5889478,0.041243672,0.25145498,-0.00041520596,0.005253434,0.048545033,0.048830226
26.133333333333333,0.58774537,0.047966104,0.3,0.5882364,0.042996828,0.25136167,-0.00049102306,0.0049692765,0.048638344,0.048894
26.166666666666668,0.5869338,0.049421772,0.3,0.5876678,0.044333924,0.25183403,-0.0007340312,0.0050878488,0.048165977,0.048439514
26.2,0.5860981,0.05086372,0.3,0.58696043,0.04581046,0.251464,-0.00086236,0.0050532594,0.048536003,0.04880597
26.233333333333334,0.58523846,0.05229153,0.3,0.58617413,0.047524035,0.25137958,-0.0009356737,0.004767496,0.048620433,0.048862573
26.266666666666666,0.5843552,0.053704824,0.3,0.5855337,0.04882699,0.25185037,-0.001178503,0.0048778355,0.048149645,0.048410438
26.3,0.5834484,0.0551032,0.3,0.58475524,0.050268233,0.25150013,-0.0013068318,0.0048349686,0.048499882,0.048757803
26.333333333333332,0.5825185,0.056486268,0.3,0.58389664,0.05193841,0.2514257,-0.001378119,0.0045478567,0.0485743,0.048806194
26.366666666666667,0.5815657,0.057853647,0.3,0.58318555,0.053203773,0.25189456,-0.0016198754,0.004649874,0.04810545,0.048356794
26.4,0.5805901,0.059204955,0.3,0.58233833,0.054605562,0.25156477,-0.0017482042,0.0045993924,0.04843524,0.048684526
26.433333333333334,0.5795923,0.06053982,0.3,0.5814089,0.05622893,0.2514997,-0.0018166304,0.004310891,0.0485003,0.048725385
26.466666666666665,0.5785723,0.061857868,0.3,0.5806294,0.0574525,0.2519667,-0.002057135,0.004405368,0.048033297,0.048278738
26.5,0.5775305,0.063158736,0.3,0.57971585,0.05881208,0.25165772,-0.0021853447,0.004346654,0.048342288,0.04858648
26.53333333333333,0.57646716,0.06444206,0.3,0.5787183,0.060385108,0.25160176,-0.0022511482,0.004056953,0.048398256,0.04862014
26.566666666666666,0.57538253,0.06570748,0.3,0.57787234,0.061564073,0.25206676,-0.0024898052,0.0041434094,0.04793325,0.048176378
26.599999999999998,0.57427704,0.06695466,0.3,0.5768944,0.06287745,0.2517789,-0.0026173592,0.004077211,0.04822111,0.048463903
26.633333333333333,0.5731509,0.068183236,0.3,0.5758311,0.06439687,0.2517323,-0.002680242,0.0037863627,0.048267722,0.048490137
26.666666666666668,0.5720044,0.06939287,0.3,0.5749212,0.06552777,0.25219518,-0.002916813,0.0038651004,0.047804832,0.04804944
26.7,0.5708379,0.07058323,0.3,0.5738817,0.066791885,0.2519289,-0.0030437708,0.0037913471,0.048071116,0.048316363
26.733333333333334,0.5696517,0.071753986,0.3,0.5727546,0.06825428,0.2518912,-0.0031028986,0.003499709,0.048108816,0.048335638
26.766666666666666,0.5684463,0.07290482,0.3,0.5717837,0.069333695,0.25235176,-0.0033374429,0.003571123,0.04764825,0.0478983
26.8,0.56722176,0.07403539,0.3,0.5706848,0.070545495,0.25210726,-0.0034630299,0.0034898967,0.04789275,0.048144445
26.833333333333332,0.5659785,0.0751454,0.3,0.5694973,0.07194747,0.25207812,-0.0035187602,0.0031979308,0.047921896,0.048157204
26.866666666666667,0.56471705,0.07623454,0.3,0.5684677,0.07297262,0.25253657,-0.0037506223,0.0032619238,0.047463447,0.047723014
26.9,0.5634376,0.07730251,0.3,0.5673125,0.07412932,0.25231376,-0.003874898,0.0031731874,0.04768625,0.04794854
26.933333333333334,0.56214046,0.07834899,0.3,0.5660674,0.07546832,0.2522932,-0.003926933,0.0028806701,0.047706813,0.04795476
26.966666666666665,0.56082606,0.079373725,0.3,0.56498164,0.076435596,0.25274903,-0.004155576,0.002938129,0.047250986,0.04752428
27.0,0.55949485,0.08037641,0.3,0.5637733,0.07753399,0.25254828,-0.0042784214,0.0028424188,0.047451735,0.047728937
27.03333333333333,0.558147,0.081356764,0.3,0.5624733,0.07880709,0.2525361,-0.004326284,0.0025496706,0.047463924,0.047728837
27.066666666666666,0.5567831,0.08231452,0.3,0.5613348,0.07971453,0.25298935,-0.0045517087,0.0025999919,0.04701066,0.04730201
27.099999999999998,0.5554034,0.08324941,0.3,0.5600757,0.080752105,0.2528105,-0.004672289,0.002497308,0.047189504,0.04748596
27.133333333333333,0.5540083,0.084161185,0.3,0.5587245,0.081956156,0.25280613,-0.0047162175,0.0022050291,0.047193885,0.04748018
27.166666666666668,0.5525982,0.085049585,0.3,0.55753624,0.08280097,0.25325674,-0.004938066,0.002248615,0.046743274,0.04705714
27.2,0.55117345,0.08591435,0.3,0.5562299,0.083775006,0.2530997,-0.005056441,0.0021393448,0.046900302,0.047220577
27.233333333333334,0.54973453,0.08675526,0.3,0.55483013,0.08490747,0.25310293,-0.005095601,0.0018477887,0.046897084,0.047209278
27.266666666666666,0.5482818,0.08757206,0.3,0.5535953,0.085687116,0.2535506,-0.0053135157,0.0018849447,0.046449423,0.046790335
27.3,0.5468157,0.08836455,0.3,0.5522449,0.08659538,0.25341544,-0.0054292083,0.0017691702,0.046584576,0.04693324
27.333333333333332,0.5453365,0.08913249,0.3,0.55080056,0.08765446,0.25342575,-0.005464077,0.0014780313,0.046574265,0.046916977
27.366666666666667,0.54384476,0.089875676,0.3,0.54952204,0.088366315,0.2538703,-0.005677283,0.001509361,0.046129704,0.04650225
27.4,0.5423408,0.0905939,0.3,0.5481314,0.08920661,0.25375667,-0.0057905912,0.0013872832,0.04624334,0.046625122
27.433333333333334,0.5408251,0.09128695,0.3,0.54664576,0.09018962,0.25377396,-0.005820632,0.001097329,0.046226054,0.046603993
27.466666666666665,0.5392981,0.09195465,0.3,0.54532737,0.09083205,0.25421512,-0.0060292482,0.0011226013,0.04578489,0.046193812
27.5,0.5377602,0.09259681,0.3,0.5438995,0.0916019,0.25412282,-0.0061392784,0.0009949058,0.04587719,0.046296835
27.53333333333333,0.5362118,0.093213245,0.3,0.5423759,0.09250741,0.25414684,-0.0061641335,0.0007058382,0.045853168,0.046271026
27.566666666666666,0.53465325,0.093803786,0.3,0.541021,0.09307813,0.2545842,-0.006367743,0.00072565675,0.04541582,0.045865797
27.599999999999998,0.53308517,0.09436828,0.3,0.53955966,0.09377593,0.25451273,-0.006474495,0.00059235096,0.045487285,0.04594957
27.633333333333333,0.53150785,0.09490656,0.3,0.53800213,0.094601445,0.2545429,-0.0064942837,0.00030511618,0.045457125,0.0459197
27.666666666666668,0.5299218,0.095418476,0.3,0.53658414,0.09516088,0.25473714,-0.006662309,0.00025759637,0.045262873,0.04575129
27.7,0.52832747,0.095903896,0.3,0.5350334,0.09588094,0.25482407,-0.00670594,2.2955239e-05,0.04517594,0.04567095
27.733333333333334,0.5267252,0.09636267,0.3,0.5336214,0.09633377,0.25522625,-0.006896198,2.8900802e-05,0.044773757,0.045301743
27.766666666666666,0.52511555,0.09679468,0.3,0.5321042,0.09691811,0.25519428,-0.0069886446,-0.00012343377,0.044805735,0.04534766
27.8,0.5234989,0.0971998,0.3,0.530513,0.09757966,0.25528848,-0.007014096,-0.0003798604,0.04471153,0.04525995
27.833333333333332,0.52187574,0.09757792,0.3,0.52906406,0.09798865,0.25552145,-0.00718832,-0.00041072816,0.044478565,0.045057558
27.866666666666667,0.5202465,0.09792895,0.3,0.52746785,0.09857685,0.25557333,-0.007221341,-0.0006479025,0.04442668,0.045014415
27.9,0.51861167,0.098252766,0.3,0.5259983,0.09893082,0.25593284,-0.007386625,-0.000678055,0.044067174,0.04468711
27.933333333333334,0.51697165,0.0985493,0.3,0.52443635,0.09939707,0.25594032,-0.007464707,-0.00084777176,0.044059694,0.044695605
27.966666666666665,0.51532686,0.09881845,0.3,0.5228192,0.09989725,0.2560787,-0.0074923635,-0.0010787994,0.04392132,0.044568844
28.0,0.5136779,0.09906016,0.3,0.52134377,0.10016538,0.2563361,-0.0076658726,-0.0011052191,0.04366392,0.044345517
28.03333333333333,0.51202506,0.09927436,0.3,0.5197127,0.10062159,0.25636998,-0.0076876283,-0.0013472289,0.043630034,0.044322617
28.066666666666666,0.51036894,0.099460974,0.3,0.51820105,0.100862354,0.25670415,-0.00783211,-0.0014013797,0.04329586,0.044020873
28.099999999999998,0.5087099,0.09961997,0.3,0.5166079,0.101200834,0.2567439,-0.007897973,-0.0015808642,0.043256104,0.04399963
28.133333333333333,0.5070485,0.099751286,0.3,0.5149713,0.101545475,0.25690457,-0.007922828,-0.0017941892,0.04309544,0.04385439
28.166666666666668,0.5053851,0.0998549,0.3,0.51347554,0.10167844,0.257179,-0.008090436,-0.001823537,0.04282102,0.043616742
28.2,0.50372016,0.09993078,0.3,0.5118213,0.10199865,0.2572116,-0.008101165,-0.0020678714,0.042788416,0.04359763
28.233333333333334,0.5020543,0.0999789,0.3,0.5102835,0.10211494,0.25753266,-0.008229256,-0.0021360368,0.042467356,0.04331004
28.266666666666666,0.5003878,0.09999925,0.3,0.5086721,0.10231852,0.25759825,-0.00828433,-0.0023192689,0.04240176,0.043265674
28.3,0.49872115,0.09999182,0.3,0.50702393,0.102513015,0.257766,-0.008302778,-0.0025211945,0.042234004,0.043116163
28.333333333333332,0.4970549,0.099956624,0.3,0.5055158,0.1025139,0.25805318,-0.008460909,-0.0025572777,0.04194683,0.042867973
28.366666666666667,0.49538946,0.09989366,0.3,0.503851,0.10269407,0.25809383,-0.008461535,-0.0028004125,0.041906178,0.042843524
28.4,0.49372533,0.09980295,0.3,0.502301,0.10267783,0.2584081,-0.008575648,-0.002874881,0.041591913,0.042563997
28.433333333333334,0.49206293,0.099684514,0.3,0.5006837,0.10274434,0.25849497,-0.008620799,-0.0030598268,0.04150504,0.042501166
28.466666666666665,0.4904027,0.09953839,0.3,0.4990327,0.10279287,0.25866103,-0.0086300075,-0.0032544732,0.04133898,0.0423554
28.5,0.48874518,0.09936463,0.3,0.49752176,0.10266268,0.25895855,-0.008776575,-0.0032980517,0.041041464,0.04209878
28.53333333333333,0.48709077,0.09916326,0.3,0.49585783,0.10270052,0.25901085,-0.008767068,-0.00353726,0.04098916,0.042065248
28.566666666666666,0.48543993,0.098934345,0.3,0.49430817,0.10254889,0.2593201,-0.008868247,-0.0036145449,0.0406799,0.041791927
28.599999999999998,0.48379314,0.098677956,0.3,0.49269676,0.102477126,0.25942534,-0.008903623,-0.0037991703,0.04057467,0.04171345
28.633333333333333,0.48215088,0.09839415,0.3,0.49105275,0.10238132,0.2595863,-0.008901864,-0.0039871708,0.040413707,0.04157413
28.666666666666668,0.48051354,0.09808302,0.3,0.4895493,0.10212034,0.25989205,-0.009035766,-0.0040373206,0.040107965,0.04131094
28.7,0.47888163,0.097744636,0.3,0.48789814,0.10201586,0.25995576,-0.009016514,-0.004271224,0.040044248,0.041268423
28.733333333333334,0.47725558,0.09737911,0.3,0.4863603,0.10172906,0.2602599,-0.009104729,-0.004349947,0.039740115,0.041001156
28.766666666666666,0.47563586,0.09698654,0.3,0.48476553,0.10151934,0.26038125,-0.009129673,-0.004532799,0.03961876,0.040908962
28.8,0.4740229,0.09656703,0.3,0.4831396,0.10128123,0.2605363,-0.009116709,-0.004714206,0.0394637,0.040776484
28.833333333333332,0.47241718,0.09612069,0.3,0.48165402,0.10089021,0.26084837,-0.009236842,-0.004769519,0.03915164,0.04050825
28.866666666666667,0.4708191,0.095647655,0.3,0.48002705,0.10064402,0.26092255,-0.009207964,-0.004996367,0.03907746,0.040457364
28.9,0.4692291,0.09514805,0.3,0.4785118,0.10022306,0.2612204,-0.009282708,-0.0050750077,0.038779616,0.040196802
28.933333333333334,0.46764767,0.09462202,0.3,0.47694468,0.09987693,0.26135546,-0.009297013,-0.0052549094,0.038644552,0.040093016
28.966666666666665,0.46607524,0.09406971,0.3,0.4753479,0.09949817,0.26150438,-0.009272665,-0.005428456,0.03849563,0.039967038
29.0,0.4645122,0.09349127,0.3,0.47389096,0.09897867,0.26182058,-0.009378761,-0.0054873973,0.038179427,0.03969561
29.03333333333333,0.46295905,0.09288686,0.3,0.4722992,0.098592944,0.26190352,-0.009340137,-0.0057060868,0.038096488,0.03963761
29.066666666666666,0.46141618,0.09225664,0.3,0.47081706,0.09804027,0.26219425,-0.009400874,-0.005783625,0.037805766,0.03938404
29.099999999999998,0.45988402,0.091600806,0.3,0.46928808,0.097559966,0.26234046,-0.009404063,-0.0059591606,0.037659556,0.03927073
29.133333333333333,0.458363,0.090919524,0.3,0.46773195,0.09704366,0.26248348,-0.009368956,-0.006124139,0.037516534,0.039150644
29.166666666666668,0.45685354,0.09021299,0.3,0.46631396,0.096397646,0.2628014,-0.009460419,-0.0061846524,0.037198603,0.03887783
29.2,0.4553561,0.089481406,0.3,0.4647678,0.09587531,0.26289162,-0.009411722,-0.006393902,0.03710839,0.0388136
29.233333333333334,0.453871,0.088724956,0.3,0.4633293,0.09519458,0.26317382,-0.009458274,-0.0064696223,0.036826193,0.038567908
29.266666666666666,0.45239878,0.08794387,0.3,0.46184868,0.09458369,0.26332915,-0.009449899,-0.0066398233,0.036670864,0.038446587
29.3,0.45093974,0.08713835,0.3,0.4603435,0.09393311,0.26346594,-0.009403765,-0.0067947656,0.03653407,0.038331944
29.333333333333332,0.44949433,0.08630862,0.3,0.45897424,0.09316391,0.2637834,-0.00947991,-0.0068552867,0.036216617,0.038059257
29.366666666666667,0.44806296,0.085454926,0.3,0.45748466,0.09250887,0.26387912,-0.009421706,-0.0070539415,0.03612089,0.03799007
29.4,0.446646,0.08457749,0.3,0.45609924,0.0917044,0.26415175,-0.009453237,-0.007126905,0.03584826,0.03775254
29.433333333333334,0.4452439,0.08367657,0.3,0.45467743,0.09096569,0.26431328,-0.009433538,-0.007289119,0.03568673,0.03762533
29.466666666666665,0.44385695,0.0827524,0.3,0.45323333,0.09018599,0.26444376,-0.009376377,-0.0074335933,0.035556257,0.037515625
29.5,0.44248563,0.08180525,0.3,0.45192286,0.08929753,0.26475865,-0.009437233,-0.0074922815,0.035241365,0.037244454
29.53333333333333,0.44113028,0.08083537,0.3,0.45049956,0.08851465,0.26485813,-0.009369284,-0.007679276,0.035141885,0.03717132
29.566666666666666,0.4397913,0.079843044,0.3,0.4491771,0.08759101,0.2651203,-0.009385794,-0.007747963,0.034879714,0.0369421
29.599999999999998,0.43846902,0.078828536,0.3,0.44782305,0.0867302,0.26528528,-0.009354025,-0.007901661,0.03471473,0.036810953
29.633333333333333,0.43716383,0.07779214,0.3,0.44645008,0.08582621,0.26540875,-0.009286255,-0.008034073,0.034591258,0.036706075
29.666666666666668,0.4358761,0.07673413,0.3,0.44520727,0.08482324,0.26571855,-0.009331167,-0.00808911,0.034281462,0.036437932
29.7,0.4346062,0.075654805,0.3,0.44385996,0.083918355,0.26582006,-0.00925377,-0.008263551,0.034179956,0.036361903
29.733333333333334,0.43335444,0.07455447,0.3,0.4426095,0.08288106,0.2660705,-0.009255052,-0.00832659,0.033929527,0.0361414
29.766666666666666,0.4321212,0.07343343,0.3,0.44133258,0.081903175,0.26623607,-0.009211391,-0.0084697455,0.033763945,0.036008198
29.8,0.4309068,0.072291985,0.3,0.4400397,0.08088166,0.2663519,-0.009132892,-0.0085896775,0.033648103,0.035908036
29.833333333333332,0.4297116,0.07113046,0.3,0.43887368,0.079769425,0.26665416,-0.009162068,-0.008638963,0.03334585,0.035644364
29.866666666666667,0.42853594,0.06994919,0.3,0.4376106,0.07874943,0.26675564,-0.009074658,-0.008800246,0.03324437,0.035566587
29.9,0.4273801,0.068748474,0.3,0.43644112,0.07760467,0.2669936,-0.009061009,-0.008856192,0.0330064,0.035354722
29.933333333333334,0.42624447,0.06752867,0.3,0.43524966,0.07651666,0.26715684,-0.009005189,-0.008987986,0.032843173,0.03522146
29.966666666666665,0.4251293,0.06629011,0.3,0.43404505,0.07538449,0.26726392,-0.008915752,-0.00909438,0.032736093,0.0351262
30.0,0.42403492,0.06503313,0.3,0.43296397,0.07416936,0.26755643,-0.008929044,-0.00913623,0.032443583,0.034868103
30.03333333333333,0.42296165,0.0637581,0.3,0.43179384,0.07304122,0.26765555,-0.008832186,-0.009283125,0.03234446,0.034790054
30.066666666666666,0.42190978,0.062465347,0.3,0.43071303,0.0717958,0.2678797,-0.008803248,-0.0093304515,0.032120317,0.034587126
30.099999999999998,0.4208796,0.06115525,0.3,0.4296152,0.070604816,0.26803815,-0.008735597,-0.009449568,0.03196186,0.034455266
30.133333333333333,0.4198714,0.059828162,0.3,0.4285065,0.069369845,0.26813462,-0.008635104,-0.009541683,0.03186539,0.03436585
30.166666666666668,0.41888547,0.05848446,0.3,0.42751858,0.06805916,0.26841554,-0.008633107,-0.0095747,0.03158447,0.034114283
30.2,0.41792205,0.057124514,0.3,0.42644778,0.06683077,0.26850897,-0.008525729,-0.009706255,0.03149104,0.034037996
30.233333333333334,0.41698143,0.055748697,0.3,0.42546406,0.065491885,0.26871875,-0.008482635,-0.009743188,0.031281263,0.033843793
30.266666666666666,0.41606387,0.0543574,0.3,0.42446646,0.06420564,0.26886943,-0.008402586,-0.009848241,0.031130582,0.033715047
30.3,0.41516963,0.052950997,0.3,0.42346066,0.062876984,0.26895368,-0.008291036,-0.009925988,0.03104633,0.033632442
30.333333333333332,0.41429895,0.05152989,0.3,0.4225726,0.061478335,0.26922107,-0.008273661,-0.009948444,0.030778944,0.03338815
30.366666666666667,0.41345206,0.050094474,0.3,0.42160782,0.060158547,0.2693062,-0.008155763,-0.010064073,0.0306938,0.03331533
30.4,0.41262925,0.048645135,0.3,0.4207277,0.058733992,0.2695001,-0.008098453,-0.010088857,0.030499905,0.033130262
30.433333333333334,0.41183066,0.047182288,0.3,0.41983736,0.057361834,0.26964068,-0.008006692,-0.010179546,0.030359328,0.033006348
30.466666666666665,0.41105658,0.04570634,0.3,0.41893992,0.055948332,0.26971036,-0.00788334,-0.010241993,0.03028965,0.032931875
30.5,0.4103072,0.04421769,0.3,0.41815862,0.054470256,0.26996285,-0.007851422,-0.010252565,0.030037165,0.03269543
30.53333333333333,0.40958273,0.042716764,0.3,0.41730502,0.053069144,0.2700361,-0.0077222884,-0.010352381,0.02996391,0.03262884
30.566666666666666,0.4088834,0.04120397,0.3,0.41653448,0.051567018,0.27021343,-0.0076510906,-0.01036305,0.029786587,0.032452624
30.599999999999998,0.40820938,0.039679732,0.3,0.415757,0.050118253,0.27034137,-0.007547617,-0.01043852,0.029658645,0.03233519
30.633333333333333,0.40756083,0.03814447,0.3,0.4149729,0.048630357,0.27039376,-0.007412076,-0.0104858875,0.029606253,0.032271083
30.666666666666668,0.40693796,0.036598615,0.3,0.41430438,0.04708155,0.2706306,-0.007366419,-0.010482933,0.029369414,0.032042447
30.7,0.40634096,0.035042595,0.3,0.4135666,0.045609687,0.27068815,-0.0072256327,-0.010567091,0.029311866,0.031985287
30.733333333333334,0.40576994,0.03347684,0.3,0.41291213,0.044039212,0.2708482,-0.007142186,-0.010562371,0.029151797,0.031818263
30.766666666666666,0.40522513,0.031901784,0.3,0.412252,0.042524375,0.27096117,-0.007026881,-0.010622591,0.029038846,0.031709164
30.8,0.40470663,0.03031787,0.3,0.4115854,0.040972956,0.27099335,-0.0068787634,-0.010655085,0.02900666,0.031658087
30.833333333333332,0.4042146,0.028725535,0.3,0.41103455,0.03936239,0.2712145,-0.0068199635,-0.010636855,0.028785527,0.03143662
30.866666666666667,0.40374917,0.027125219,0.3,0.4104162,0.037831366,0.27125254,-0.006667018,-0.010706147,0.02874747,0.031392477
30.9,0.40331048,0.025517372,0.3,0.40988168,0.03620146,0.2713945,-0.0065712035,-0.010684086,0.02860552,0.031234695
30.933333333333334,0.40289864,0.023902435,0.3,0.40934333,0.034631588,0.271491,-0.0064446926,-0.010729153,0.02850902,0.031135399
30.966666666666665,0.40251377,0.022280859,0.3,0.40879712,0.033027634,0.2714998,-0.006283343,-0.010746775,0.0285002,0.031100402
31.0,0.402156,0.020653095,0.3,0.40836954,0.031365406,0.2717058,-0.006213546,-0.010712311,0.028294206,0.030885657
31.03333333333333,0.40182537,0.019019593,0.3,0.40787262,0.029787151,0.27172026,-0.006047249,-0.010767559,0.028279752,0.030858612
31.066666666666666,0.40152204,0.01738081,0.3,0.40746307,0.02810791,0.27184406,-0.0059410334,-0.0107271,0.028155953,0.030710328
31.099999999999998,0.40124607,0.015737196,0.3,0.40704954,0.026494905,0.2719228,-0.005803466,-0.010757709,0.028077215,0.030622516
31.133333333333333,0.40099752,0.014089214,0.3,0.406626,0.024850614,0.2719048,-0.0056284666,-0.010761401,0.028095216,0.030607654
31.166666666666668,0.40077645,0.012437316,0.3,0.40632525,0.023146968,0.2720967,-0.005548805,-0.010709653,0.027903318,0.030398702
31.2,0.40058294,0.010781964,0.3,0.4059524,0.021534275,0.27208441,-0.0053694546,-0.010752311,0.027915597,0.030392826
31.233333333333334,0.40041706,0.009123618,0.3,0.40566945,0.019815205,0.2721898,-0.005252391,-0.010691587,0.027810216,0.03025402
31.266666666666666,0.40027884,0.0074627376,0.3,0.40538403,0.018171264,0.27225026,-0.0051051974,-0.010708526,0.027749747,0.030179199
31.3,0.40016833,0.0057997853,0.3,0.40508425,0.016499152,0.2722025,-0.004915923,-0.010699367,0.02779752,0.03018849
31.333333333333332,0.40008554,0.004135221,0.3,0.40491423,0.014764918,0.27238226,-0.0048286915,-0.010629697,0.027617753,0.029984113
31.366666666666667,0.4000305,0.0024695075,0.3,0.40466604,0.013130778,0.27233994,-0.0046355426,-0.0106612705,0.027660072,0.030003842
31.4,0.40000322,0.0008031087,0.3,0.40451285,0.011383276,0.27242777,-0.004509628,-0.010580168,0.027572244,0.02987483
31.433333333333334,0.40000373,-0.0008635132,0.3,0.4043572,0.00972117,0.27246922,-0.0043534636,-0.010584683,0.02753079,0.029814972
31.466666666666665,0.400032,-0.0025298954,0.3,0.40418187,0.008033589,0.27238956,-0.004149854,-0.010563485,0.027610451,0.02985206
31.5,0.40008804,-0.004195574,0.3,0.40414461,0.0062793684,0.27255902,-0.004056573,-0.010474943,0.027440995,0.029651111
31.53333333333333,0.40017185,-0.0058600884,0.3,0.4040219,0.0046375673,0.27248472,-0.0038500428,-0.010497656,0.027515292,0.029700419
31.566666666666666,0.40028337,-0.0075229746,0.3,0.40399995,0.0028721988,0.2725559,-0.003716588,-0.010395173,0.027444124,0.029581288
31.599999999999998,0.4004226,-0.009183772,0.3,0.40397507,0.0012049691,0.27257842,-0.0035524666,-0.010388741,0.027421594,0.029537939
31.633333333333333,0.40058947,-0.010842018,0.3,0.4039247,-0.0004845932,0.2724654,-0.0033352375,-0.010357425,0.027534604,0.029606663
31.666666666666668,0.400784,-0.012497251,0.3,0.40402168,-0.0022474416,0.27262688,-0.0032376945,-0.010249809,0.027373135,0.02940799
31.7,0.40100604,-0.014149015,0.3,0.40402466,-0.0038831953,0.27251947,-0.0030186176,-0.01026582,0.027480543,0.029490326
31.733333333333334,0.40125558,-0.015796846,0.3,0.40413415,-0.0056553427,0.27257553,-0.0028785765,-0.010141503,0.027424484,0.029380923
31.766666666666666,0.40153256,-0.017440293,0.3,0.40424055,-0.007314737,0.27257967,-0.002707988,-0.010125556,0.027420342,0.029355327
31.8,0.40183687,-0.019078894,0.3,0.40431446,-0.008992931,0.27243257,-0.0024775863,-0.010085963,0.027567446,0.02945894
31.833333333333332,0.40216848,-0.020712195,0.3,0.4045467,-0.010753027,0.27258897,-0.0023782253,-0.009959168,0.027411044,0.029261002
31.866666666666667,0.40252724,-0.022339743,0.3,0.40467486,-0.012368963,0.27244788,-0.002147615,-0.0099707795,0.027552128,0.029379388
31.9,0.4029131,-0.023961086,0.3,0.40491557,-0.0141361095,0.27249116,-0.0020024776,-0.009824976,0.027508855,0.029279295
31.933333333333334,0.40332592,-0.025575776,0.3,0.40515316,-0.015774423,0.27247745,-0.00182724,-0.009801352,0.027522564,0.0292728
31.966666666666665,0.40376556,-0.02718336,0.3,0.40535033,-0.01742848,0.27229667,-0.0015847683,-0.009754879,0.027703345,0.029413339
32.0,0.40423197,-0.028783394,0.3,0.40571707,-0.019174762,0.2724507,-0.0014851093,-0.009608632,0.027549326,0.029214665
32.03333333333333,0.40472496,-0.03037543,0.3,0.4059699,-0.020756977,0.27227673,-0.0012449324,-0.009618454,0.027723283,0.029370818
32.06666666666666,0.4052444,-0.03195903,0.3,0.4063409,-0.022507092,0.27230975,-0.001096487,-0.009451939,0.027690262,0.02927955
32.1,0.4057902,-0.033533756,0.3,0.40670836,-0.02411216,0.27227902,-0.00091814995,-0.009421596,0.027720988,0.029292706
32.13333333333333,0.40636215,-0.035099164,0.3,0.40702778,-0.025727818,0.27206618,-0.00066563487,-0.009371346,0.027933836,0.029471416
32.166666666666664,0.4069601,-0.036654826,0.3,0.4075281,-0.027449334,0.2722205,-0.00056800246,-0.009205492,0.02777952,0.029270554
32.2,0.4075839,-0.038200304,0.3,0.40790397,-0.02898432,0.27201527,-0.00032007694,-0.0092159845,0.027984738,0.029464936
32.233333333333334,0.40823334,-0.039735172,0.3,0.40840325,-0.030706078,0.27204043,-0.00016990304,-0.009029094,0.027959585,0.029381828
32.266666666666666,0.4089083,-0.041259002,0.3,0.40889886,-0.032265224,0.2719943,9.447336e-06,-0.008993778,0.02800572,0.029414427
32.3,0.40960857,-0.042771377,0.3,0.4093382,-0.03383013,0.27175134,0.00027036667,-0.008941248,0.028248668,0.02963117
32.333333333333336,0.41033393,-0.044271868,0.3,0.40996975,-0.03551586,0.27190816,0.00036418438,-0.008756008,0.028091848,0.029427066
32.36666666666667,0.4110842,-0.04576006,0.3,0.41046706,-0.03699084,0.27167428,0.0006171465,-0.008769222,0.028325737,0.029658515
32.4,0.41185918,-0.047235545,0.3,0.41109106,-0.03867192,0.27169415,0.00076812506,-0.008563627,0.028305858,0.02958289
32.43333333333333,0.41265863,-0.048697904,0.3,0.41171277,-0.040173255,0.27163368,0.0009458661,-0.008524649,0.028366327,0.029634655
32.46666666666667,0.41348234,-0.05014674,0.3,0.4122699,-0.041674748,0.27136397,0.0012124479,-0.008471992,0.028636038,0.02988758
32.5,0.4143301,-0.051581647,0.3,0.41302922,-0.043314107,0.27152538,0.0013008714,-0.0082675405,0.028474629,0.0296791
32.53333333333333,0.41520163,-0.053002227,0.3,0.41364595,-0.044716533,0.27126545,0.0015556812,-0.008285694,0.028734565,0.029945752
32.56666666666666,0.41609672,-0.054408085,0.3,0.41439086,-0.046345584,0.27128264,0.0017058551,-0.0080625005,0.028717369,0.02987643
32.6,0.4170151,-0.05579883,0.3,0.41513485,-0.047778398,0.27120918,0.0018802583,-0.008020431,0.028790832,0.029946195
32.63333333333333,0.41795656,-0.057174083,0.3,0.41580683,-0.04920428,0.2709167,0.002149731,-0.007969804,0.029083312,0.030232072
32.666666666666664,0.41892081,-0.05853344,0.3,0.4166895,-0.050786875,0.27108315,0.0022313297,-0.007746566,0.028916866,0.030019548
32.7,0.41990757,-0.059876557,0.3,0.4174221,-0.052105684,0.27079996,0.002485484,-0.0077708736,0.029200047,0.030318424
32.733333333333334,0.42091656,-0.06120303,0.3,0.41828376,-0.05367132,0.2708174,0.0026327968,-0.00753171,0.029182613,0.030253647
32.766666666666666,0.42194754,-0.06251251,0.3,0.41914612,-0.05502522,0.270732,0.0028014183,-0.0074872896,0.029268026,0.030340152
32.8,0.4230002,-0.06380462,0.3,0.41992915,-0.056364007,0.27042142,0.00307104,-0.0074406117,0.029578596,0.03065432
32.833333333333336,0.42407423,-0.06507901,0.3,0.42092937,-0.057879537,0.27059272,0.0031448603,-0.0071994737,0.029407293,0.03043865
32.86666666666667,0.42516935,-0.06633532,0.3,0.42177385,-0.059103888,0.27028933,0.0033954978,-0.007231433,0.02971068,0.030766012
32.9,0.42628527,-0.06757321,0.3,0.4227471,-0.060595676,0.27031025,0.0035381615,-0.006977536,0.029689759,0.030703198
32.93333333333333,0.42742166,-0.06879233,0.3,0.42372236,-0.061860953,0.27021277,0.0036993027,-0.0069313757,0.029787242,0.030805983
32.96666666666667,0.4285782,-0.06999234,0.3,0.4246124,-0.063102156,0.2698891,0.003965795,-0.006890185,0.030110925,0.031142736
33.0,0.42975459,-0.071172915,0.3,0.42572328,-0.06454061,0.2700642,0.0040313005,-0.0066323057,0.029935807,0.030925578
33.03333333333333,0.4309505,-0.072333716,0.3,0.4266753,-0.0656616,0.26974362,0.0042752028,-0.006672114,0.03025639,0.031276885
33.06666666666666,0.43216556,-0.07347442,0.3,0.42775375,-0.067069486,0.26977044,0.0044118166,-0.0064049363,0.030229568,0.031214006
33.1,0.4333995,-0.07459472,0.3,0.42883557,-0.068237975,0.2696609,0.0045639277,-0.006356746,0.030339122,0.03133209
33.13333333333333,0.4346519,-0.0756943,0.3,0.42982793,-0.06937198,0.26932877,0.0048239827,-0.006322317,0.030671239,0.031685445
33.166666666666664,0.43592247,-0.076772854,0.3,0.43104225,-0.07072403,0.26950642,0.0048802197,-0.006048821,0.030493587,0.031468455
33.2,0.43721083,-0.07783008,0.3,0.4320953,-0.07173314,0.26917094,0.005115539,-0.006096944,0.030829072,0.031839803
33.233333333333334,0.43851665,-0.0788657,0.3,0.43327254,-0.07304737,0.26920635,0.005244106,-0.0058183298,0.030793667,0.03177426
33.266666666666666,0.43983954,-0.0798794,0.3,0.43445382,-0.07411067,0.26908374,0.0053857267,-0.0057687312,0.030916274,0.031907685
33.3,0.44117913,-0.08087092,0.3,0.4355425,-0.0751291,0.26874825,0.0056366324,-0.0057418197,0.03125176,0.032270923
